Type,Type,Type,Type,Type,Type,Type,Type,Type,Type,Type,Type,Type,Type,Type,Type,Type,Type,Type,Type,Type,Type,Type,Type,Type,Type,Type,Type,Type,Type,Type,Type,Type,Type,Type,Type,Type,Type,Type
XXXXXXXXX,Consumer,PR,5365 Noble Nectar Island,725,2,Fitness,18.2514534,-66.03705597,Pacific Asia,Bekasi,Indonesia,20755,1/31/2018 22:56,77202,1360,13.10999966,0.039999999,180517,327.75,0.289999992,1,327.75,314.6400146,91.25,Southeast Asia,Java Occidental,COMPLETE,,1360,73,,http://images.acmesports.sports/Smart+watch ,Smart watch ,327.75,0,2/3/2018 22:56,Standard Class,
XXXXXXXXX,Consumer,PR,2679 Rustic Loop,725,2,Fitness,18.27945137,-66.0370636,Pacific Asia,Bikaner,India,19492,1/13/2018 12:27,75939,1360,16.38999939,0.050000001,179254,327.75,-0.800000012,1,327.75,311.3599854,-249.0899963,South Asia,Rajastán,PENDING,,1360,73,,http://images.acmesports.sports/Smart+watch ,Smart watch ,327.75,0,1/18/2018 12:27,Standard Class,
XXXXXXXXX,Consumer,CA,8510 Round Bear Gate,95125,2,Fitness,37.29223251,-121.881279,Pacific Asia,Bikaner,India,19491,1/13/2018 12:06,75938,1360,18.03000069,0.059999999,179253,327.75,-0.800000012,1,327.75,309.7200012,-247.7799988,South Asia,Rajastán,CLOSED,,1360,73,,http://images.acmesports.sports/Smart+watch ,Smart watch ,327.75,0,1/17/2018 12:06,Standard Class,
XXXXXXXXX,Home Office,CA,3200 Amber Bend,90027,2,Fitness,34.12594605,-118.2910156,Pacific Asia,Townsville,Australia,19490,1/13/2018 11:45,75937,1360,22.94000053,0.07,179252,327.75,0.079999998,1,327.75,304.8099976,22.86000061,Oceania,Queensland,COMPLETE,,1360,73,,http://images.acmesports.sports/Smart+watch ,Smart watch ,327.75,0,1/16/2018 11:45,Standard Class,
XXXXXXXXX,Corporate,PR,8671 Iron Anchor Corners,725,2,Fitness,18.25376892,-66.03704834,Pacific Asia,Townsville,Australia,19489,1/13/2018 11:24,75936,1360,29.5,0.090000004,179251,327.75,0.449999988,1,327.75,298.25,134.2100067,Oceania,Queensland,PENDING_PAYMENT,,1360,73,,http://images.acmesports.sports/Smart+watch ,Smart watch ,327.75,0,1/15/2018 11:24,Standard Class,
XXXXXXXXX,Consumer,NY,2122 Hazy Corner,14150,2,Fitness,43.01396942,-78.87906647,Pacific Asia,Toowoomba,Australia,19488,1/13/2018 11:03,75935,1360,32.77999878,0.100000001,179250,327.75,0.059999999,1,327.75,294.980011,18.57999992,Oceania,Queensland,CANCELED,,1360,73,,http://images.acmesports.sports/Smart+watch ,Smart watch ,327.75,0,1/19/2018 11:03,Standard Class,
XXXXXXXXX,Home Office,PR,1879 Green Pine Bank,725,2,Fitness,18.24253845,-66.03705597,Pacific Asia,Guangzhou,China,19487,1/13/2018 10:42,75934,1360,39.33000183,0.119999997,179249,327.75,0.330000013,1,327.75,288.4200134,95.18000031,Eastern Asia,Guangdong,COMPLETE,,1360,73,,http://images.acmesports.sports/Smart+watch ,Smart watch ,327.75,0,1/15/2018 10:42,First Class,
XXXXXXXXX,Corporate,FL,7595 Cotton Log Row,33162,2,Fitness,25.92886925,-80.16287231,Pacific Asia,Guangzhou,China,19486,1/13/2018 10:21,75933,1360,42.61000061,0.129999995,179248,327.75,0.239999995,1,327.75,285.1400146,68.43000031,Eastern Asia,Guangdong,PROCESSING,,1360,73,,http://images.acmesports.sports/Smart+watch ,Smart watch ,327.75,0,1/15/2018 10:21,First Class,
XXXXXXXXX,Corporate,PR,2051 Dusty Route,725,2,Fitness,18.23322296,-66.03705597,Pacific Asia,Guangzhou,China,19485,1/13/2018 10:00,75932,1360,49.15999985,0.150000006,179247,327.75,0.479999989,1,327.75,278.5899963,133.7200012,Eastern Asia,Guangdong,CLOSED,,1360,73,,http://images.acmesports.sports/Smart+watch ,Smart watch ,327.75,0,1/16/2018 10:00,Second Class,
XXXXXXXXX,Corporate,CA,9139 Blue Blossom Court,94583,2,Fitness,37.77399063,-121.966629,Pacific Asia,Guangzhou,China,19484,1/13/2018 9:39,75931,1360,52.43999863,0.159999996,179246,327.75,0.479999989,1,327.75,275.3099976,132.1499939,Eastern Asia,Guangdong,CLOSED,,1360,73,,http://images.acmesports.sports/Smart+watch ,Smart watch ,327.75,0,1/15/2018 9:39,First Class,
XXXXXXXXX,Corporate,PR,4058 Quiet Heights,725,2,Fitness,18.28284454,-66.03705597,Pacific Asia,Tokio,Japón,19483,1/13/2018 9:18,75930,1360,55.72000122,0.170000002,179245,327.75,0.479999989,1,327.75,272.0299988,130.5800018,Eastern Asia,Tokio,SUSPECTED_FRAUD,,1360,73,,http://images.acmesports.sports/Smart+watch ,Smart watch ,327.75,0,1/19/2018 9:18,Second Class,
XXXXXXXXX,Consumer,NY,3243 Shady Corner,11520,2,Fitness,40.65486527,-73.58707428,Pacific Asia,Manado,Indonesia,19482,1/13/2018 8:57,75929,1360,59,0.180000007,179244,327.75,0.170000002,1,327.75,268.7600098,45.68999863,Southeast Asia,Célebes Septentrional,PENDING,,1360,73,,http://images.acmesports.sports/Smart+watch ,Smart watch ,327.75,0,1/18/2018 8:57,Second Class,
XXXXXXXXX,Corporate,CA,131 Sunny Treasure Green,93905,2,Fitness,36.6763382,-121.656517,Pacific Asia,Manado,Indonesia,19481,1/13/2018 8:36,75928,1360,65.55000305,0.200000003,179243,327.75,0.079999998,1,327.75,262.2000122,21.76000023,Southeast Asia,Célebes Septentrional,PENDING,,1360,73,,http://images.acmesports.sports/Smart+watch ,Smart watch ,327.75,0,1/17/2018 8:36,Second Class,
XXXXXXXXX,Corporate,PR,2531 Wishing Square,725,2,Fitness,18.27843857,-66.03705597,Pacific Asia,Sangli,India,19480,1/13/2018 8:15,75927,1360,81.94000244,0.25,179242,327.75,0.100000001,1,327.75,245.8099976,24.57999992,South Asia,Maharashtra,COMPLETE,,1360,73,,http://images.acmesports.sports/Smart+watch ,Smart watch ,327.75,0,1/15/2018 8:15,First Class,
XXXXXXXXX,Corporate,MA,6417 Silver Towers,1960,2,Fitness,42.52627564,-70.92703247,Pacific Asia,Sangli,India,19479,1/13/2018 7:54,75926,1360,0,0,179241,327.75,0.050000001,1,327.75,327.75,16.38999939,South Asia,Maharashtra,PROCESSING,,1360,73,,http://images.acmesports.sports/Smart+watch ,Smart watch ,327.75,0,1/15/2018 7:54,First Class,
XXXXXXXXX,Corporate,PR,257 Harvest Close,725,2,Fitness,18.28404999,-66.03705597,Pacific Asia,Sangli,India,19478,1/13/2018 7:33,75925,1360,3.279999971,0.01,179240,327.75,-0.800000012,1,327.75,324.4700012,-259.5799866,South Asia,Maharashtra,COMPLETE,,1360,73,,http://images.acmesports.sports/Smart+watch ,Smart watch ,327.75,0,1/15/2018 7:33,First Class,
XXXXXXXXX,Corporate,PR,7342 Hazy Beacon Park,729,2,Fitness,18.3957901,-65.87288666,Pacific Asia,Seúl,Corea del Sur,19477,1/13/2018 7:12,75924,1360,6.559999943,0.02,179239,327.75,-0.769999981,1,327.75,321.2000122,-246.3600006,Eastern Asia,Seúl,PENDING_PAYMENT,,1360,73,,http://images.acmesports.sports/Smart+watch ,Smart watch ,327.75,0,1/18/2018 7:12,Second Class,
XXXXXXXXX,Corporate,CA,7787 Lazy Corners,90723,2,Fitness,33.89869309,-118.1745605,Pacific Asia,Jabalpur,India,19476,1/13/2018 6:51,75923,1360,9.829999924,0.029999999,179238,327.75,0.079999998,1,327.75,317.9200134,23.84000015,South Asia,Madhya Pradesh,CLOSED,,1360,73,,http://images.acmesports.sports/Smart+watch ,Smart watch ,327.75,0,1/15/2018 6:51,First Class,
XXXXXXXXX,Consumer,PR,5136 Rustic Pioneer Estates,725,2,Fitness,18.233778,-66.0370636,Pacific Asia,Jabalpur,India,19475,1/13/2018 6:30,75922,1360,13.10999966,0.039999999,179237,327.75,0.330000013,1,327.75,314.6400146,102.2600021,South Asia,Madhya Pradesh,COMPLETE,,1360,73,,http://images.acmesports.sports/Smart+watch ,Smart watch ,327.75,0,1/15/2018 6:30,First Class,
XXXXXXXXX,Consumer,IL,1723 Tawny Via,60056,2,Fitness,42.04830551,-87.96134186,Pacific Asia,Jabalpur,India,19474,1/13/2018 6:09,75921,1360,16.38999939,0.050000001,179236,327.75,0.280000001,1,327.75,311.3599854,87.18000031,South Asia,Madhya Pradesh,PENDING_PAYMENT,,1360,73,,http://images.acmesports.sports/Smart+watch ,Smart watch ,327.75,0,1/13/2018 18:09,Same Day,
XXXXXXXXX,Corporate,CA,7111 Silent Fox Gardens,90813,2,Fitness,33.78245163,-118.1922455,Pacific Asia,Jabalpur,India,19473,1/13/2018 5:48,75920,1360,18.03000069,0.059999999,179235,327.75,0.5,1,327.75,309.7200012,154.8600006,South Asia,Madhya Pradesh,PROCESSING,,1360,73,,http://images.acmesports.sports/Smart+watch ,Smart watch ,327.75,0,1/13/2018 17:48,Same Day,
XXXXXXXXX,Corporate,PR,3732 Old Mountain Bank,725,2,Fitness,18.28337669,-66.03705597,Pacific Asia,Jabalpur,India,19472,1/13/2018 5:27,75919,1360,22.94000053,0.07,179234,327.75,0.270000011,1,327.75,304.8099976,82.30000305,South Asia,Madhya Pradesh,PENDING,,1360,73,,http://images.acmesports.sports/Smart+watch ,Smart watch ,327.75,0,1/18/2018 5:27,Standard Class,
XXXXXXXXX,Corporate,CA,6217 Rustic Lake Forest,95670,2,Fitness,38.61177445,-121.2828674,Pacific Asia,Geelong,Australia,19471,1/13/2018 5:06,75918,1360,29.5,0.090000004,179233,327.75,0.079999998,1,327.75,298.25,22.37000084,Oceania,Victoria,PENDING,,1360,73,,http://images.acmesports.sports/Smart+watch ,Smart watch ,327.75,0,1/17/2018 5:06,Second Class,
XXXXXXXXX,Corporate,PR,1082 Quiet Treasure Link,725,2,Fitness,18.20733643,-66.03705597,Pacific Asia,Geelong,Australia,19470,1/13/2018 4:45,75917,1360,32.77999878,0.100000001,179232,327.75,0.059999999,1,327.75,294.980011,17.70000076,Oceania,Victoria,CANCELED,,1360,73,,http://images.acmesports.sports/Smart+watch ,Smart watch ,327.75,0,1/16/2018 4:45,Second Class,
XXXXXXXXX,Corporate,MT,3176 Round Gate,59102,2,Fitness,45.78831101,-108.5594101,Pacific Asia,Brisbane,Australia,19469,1/13/2018 4:24,75916,1360,39.33000183,0.119999997,179231,327.75,0.310000002,1,327.75,288.4200134,90.27999878,Oceania,Queensland,SUSPECTED_FRAUD,,1360,73,,http://images.acmesports.sports/Smart+watch ,Smart watch ,327.75,0,1/15/2018 4:24,Second Class,
XXXXXXXXX,Corporate,PR,1426 Fallen Line,725,2,Fitness,18.26163292,-66.03705597,Pacific Asia,Mandurah,Australia,19468,1/13/2018 4:03,75915,1360,42.61000061,0.129999995,179230,327.75,0.460000008,1,327.75,285.1400146,131.1699982,Oceania,Australia Occidental,COMPLETE,,1360,73,,http://images.acmesports.sports/Smart+watch ,Smart watch ,327.75,0,1/19/2018 4:03,Second Class,
XXXXXXXXX,Consumer,PA,9814 Emerald Prairie Limits,18702,2,Fitness,41.23545456,-75.86985779,Pacific Asia,Mandurah,Australia,19467,1/13/2018 3:42,75914,1360,49.15999985,0.150000006,179229,327.75,0.330000013,1,327.75,278.5899963,90.54000092,Oceania,Australia Occidental,PENDING,,1360,73,,http://images.acmesports.sports/Smart+watch ,Smart watch ,327.75,0,1/18/2018 3:42,Second Class,
XXXXXXXXX,Corporate,PR,8271 Tawny Elk Abbey,725,2,Fitness,18.27022362,-66.0370636,Pacific Asia,Guilin,China,19466,1/13/2018 3:21,75913,1360,52.43999863,0.159999996,179228,327.75,0.300000012,1,327.75,275.3099976,82.58999634,Eastern Asia,Guangxi,PENDING_PAYMENT,,1360,73,,http://images.acmesports.sports/Smart+watch ,Smart watch ,327.75,0,1/17/2018 3:21,Standard Class,
XXXXXXXXX,Corporate,MI,3931 Gentle Ramp,48066,2,Fitness,41.86886215,-84.57365418,Pacific Asia,Guilin,China,19465,1/13/2018 3:00,75912,1360,55.72000122,0.170000002,179227,327.75,-0.059999999,1,327.75,272.0299988,-17.13999939,Eastern Asia,Guangxi,COMPLETE,,1360,73,,http://images.acmesports.sports/Smart+watch ,Smart watch ,327.75,0,1/16/2018 3:00,Standard Class,
XXXXXXXXX,Consumer,NY,2123 Hazy Corner,35838.21014,2,Fitness,33.90942383,-118.1253586,Pacific Asia,Guilin,China,19464,1/13/2018 2:39,75911,1360,59,0.180000007,179226,327.75,0.090000004,1,327.75,268.7600098,23.64999962,Eastern Asia,Guangxi,PROCESSING,,1360,73,,http://images.acmesports.sports/Smart+watch ,Smart watch ,327.75,0,1/15/2018 2:39,Standard Class,
XXXXXXXXX,Home Office,PR,1880 Green Pine Bank,36303.96362,2,Fitness,18.27526093,-66.0370636,Pacific Asia,Guilin,China,19463,1/13/2018 2:18,75910,1360,65.55000305,0.200000003,179225,327.75,0.280000001,1,327.75,262.2000122,73.41999817,Eastern Asia,Guangxi,ON_HOLD,,1360,73,,http://images.acmesports.sports/Smart+watch ,Smart watch ,327.75,0,1/19/2018 2:18,Standard Class,
XXXXXXXXX,Corporate,FL,7596 Cotton Log Row,36769.7171,2,Fitness,41.86544037,-88.10990143,Pacific Asia,Delhi,India,19462,1/13/2018 1:57,75909,1360,81.94000244,0.25,179224,327.75,0.460000008,1,327.75,245.8099976,113.0699997,South Asia,Delhi,COMPLETE,,1360,73,,http://images.acmesports.sports/Smart+watch ,Smart watch ,327.75,0,1/18/2018 1:57,Standard Class,
XXXXXXXXX,Corporate,PR,2052 Dusty Route,37235.47058,2,Fitness,18.28713608,-66.03705597,Pacific Asia,Delhi,India,19461,1/13/2018 1:36,75908,1360,0,0,179223,327.75,0.079999998,1,327.75,327.75,24.57999992,South Asia,Delhi,PENDING_PAYMENT,,1360,73,,http://images.acmesports.sports/Smart+watch ,Smart watch ,327.75,0,1/17/2018 1:36,Standard Class,
XXXXXXXXX,Corporate,CA,9140 Blue Blossom Court,37701.22406,2,Fitness,42.39110184,-83.13121796,Pacific Asia,Suzhou,China,19460,1/13/2018 1:15,75907,1360,3.279999971,0.01,179222,327.75,-0.300000012,1,327.75,324.4700012,-97.33999634,Eastern Asia,Gansu,COMPLETE,,1360,73,,http://images.acmesports.sports/Smart+watch ,Smart watch ,327.75,0,1/15/2018 1:15,First Class,
XXXXXXXXX,Corporate,PR,4059 Quiet Heights,38166.97754,2,Fitness,32.86539459,-96.86858368,Pacific Asia,Suzhou,China,19459,1/13/2018 0:54,75906,1360,6.559999943,0.02,179221,327.75,-1.330000043,1,327.75,321.2000122,-425.5799866,Eastern Asia,Gansu,PENDING_PAYMENT,,1360,73,,http://images.acmesports.sports/Smart+watch ,Smart watch ,327.75,0,1/15/2018 0:54,First Class,
XXXXXXXXX,Consumer,NY,3244 Shady Corner,38632.73101,2,Fitness,18.24074173,-66.03705597,Pacific Asia,Singapur,Singapur,19458,1/13/2018 0:33,75905,1360,9.829999924,0.029999999,179220,327.75,0.479999989,1,327.75,317.9200134,152.6000061,Southeast Asia,Singapur,PENDING_PAYMENT,,1360,73,,http://images.acmesports.sports/Smart+watch ,Smart watch ,327.75,0,1/15/2018 0:33,First Class,
XXXXXXXXX,Corporate,CA,132 Sunny Treasure Green,39098.48449,2,Fitness,40.03171921,-76.87709808,Pacific Asia,Hubli,India,19457,1/13/2018 0:12,75904,1360,13.10999966,0.039999999,179219,327.75,0.479999989,1,327.75,314.6400146,151.0299988,South Asia,Karnataka,CLOSED,,1360,73,,http://images.acmesports.sports/Smart+watch ,Smart watch ,327.75,0,1/15/2018 0:12,First Class,
XXXXXXXXX,Corporate,PR,2532 Wishing Square,39564.23797,2,Fitness,32.81010819,-96.68649292,Pacific Asia,Wollongong,Australia,19456,1/12/2018 23:51,75903,1360,16.38999939,0.050000001,179218,327.75,0.200000003,1,327.75,311.3599854,62.27000046,Oceania,Nueva Gales del Sur,COMPLETE,,1360,73,,http://images.acmesports.sports/Smart+watch ,Smart watch ,327.75,0,1/14/2018 23:51,First Class,
XXXXXXXXX,Corporate,MA,6418 Silver Towers,40029.99145,2,Fitness,18.28604889,-66.03705597,Pacific Asia,Wollongong,Australia,19455,1/12/2018 23:30,75902,1360,18.03000069,0.059999999,179217,327.75,0.109999999,1,327.75,309.7200012,35,Oceania,Nueva Gales del Sur,COMPLETE,,1360,73,,http://images.acmesports.sports/Smart+watch ,Smart watch ,327.75,0,1/13/2018 11:30,Same Day,
XXXXXXXXX,Corporate,PR,258 Harvest Close,40495.74493,2,Fitness,39.68188095,-75.64421082,Pacific Asia,Wollongong,Australia,19454,1/12/2018 23:09,75901,1360,22.94000053,0.07,179216,327.75,0.189999998,1,327.75,304.8099976,57.29999924,Oceania,Nueva Gales del Sur,CANCELED,,1360,73,,http://images.acmesports.sports/Smart+watch ,Smart watch ,327.75,0,1/13/2018 11:09,Same Day,
XXXXXXXXX,Corporate,PR,7343 Hazy Beacon Park,40961.49841,2,Fitness,34.15893936,-118.1809387,Pacific Asia,Singapur,Singapur,19453,1/12/2018 22:48,75900,1360,29.5,0.090000004,179215,327.75,0.479999989,1,327.75,298.25,143.1600037,Southeast Asia,Singapur,PENDING_PAYMENT,,1360,73,,http://images.acmesports.sports/Smart+watch ,Smart watch ,327.75,0,1/13/2018 10:48,Same Day,
XXXXXXXXX,Corporate,CA,7788 Lazy Corners,41427.25188,2,Fitness,18.28294563,-66.0370636,Pacific Asia,Singapur,Singapur,19452,1/12/2018 22:27,75899,1360,32.77999878,0.100000001,179214,327.75,0.460000008,1,327.75,294.980011,135.6900024,Southeast Asia,Singapur,COMPLETE,,1360,73,,http://images.acmesports.sports/Smart+watch ,Smart watch ,327.75,0,1/13/2018 10:27,Same Day,
XXXXXXXXX,Consumer,PR,5137 Rustic Pioneer Estates,41893.00536,2,Fitness,33.81632614,-84.44550324,Pacific Asia,Medan,Indonesia,19451,1/12/2018 22:05,75898,1360,39.33000183,0.119999997,179213,327.75,0.460000008,1,327.75,288.4200134,132.6699982,Southeast Asia,Sumatra Septentrional,CLOSED,,1360,73,,http://images.acmesports.sports/Smart+watch ,Smart watch ,327.75,0,1/16/2018 22:05,Standard Class,
XXXXXXXXX,Consumer,IL,1724 Tawny Via,42358.75884,2,Fitness,18.24103928,-66.0370636,Pacific Asia,Medan,Indonesia,19450,1/12/2018 21:44,75897,1360,42.61000061,0.129999995,179212,327.75,0.419999987,1,327.75,285.1400146,119.7600021,Southeast Asia,Sumatra Septentrional,PENDING_PAYMENT,,1360,73,,http://images.acmesports.sports/Smart+watch ,Smart watch ,327.75,0,1/15/2018 21:44,Standard Class,
XXXXXXXXX,Corporate,CA,7112 Silent Fox Gardens,42824.51232,2,Fitness,37.49027634,-121.9271088,Pacific Asia,Canberra,Australia,19449,1/12/2018 21:23,75896,1360,49.15999985,0.150000006,179211,327.75,0.109999999,1,327.75,278.5899963,31.47999954,Oceania,Territorio de la Capital Australiana,COMPLETE,,1360,73,,http://images.acmesports.sports/Smart+watch ,Smart watch ,327.75,0,1/14/2018 21:23,Standard Class,
XXXXXXXXX,Corporate,PR,3733 Old Mountain Bank,43290.2658,2,Fitness,18.26469612,-66.03705597,Pacific Asia,Bangalore,India,19448,1/12/2018 21:02,75895,1360,52.43999863,0.159999996,179210,327.75,0.310000002,1,327.75,275.3099976,86.16999817,South Asia,Karnataka,PENDING,,1360,73,,http://images.acmesports.sports/Smart+watch ,Smart watch ,327.75,0,1/18/2018 21:02,Standard Class,
XXXXXXXXX,Corporate,CA,6218 Rustic Lake Forest,43756.01928,2,Fitness,43.18824005,-77.56706238,Pacific Asia,Bangalore,India,19447,1/12/2018 20:41,75894,1360,55.72000122,0.170000002,179209,327.75,0.479999989,1,327.75,272.0299988,130.5800018,South Asia,Karnataka,PENDING,,1360,73,,http://images.acmesports.sports/Smart+watch ,Smart watch ,327.75,0,1/17/2018 20:41,Second Class,
XXXXXXXXX,Corporate,PR,1083 Quiet Treasure Link,44221.77275,2,Fitness,32.753685,-96.86553955,Pacific Asia,Yiwu,China,19446,1/12/2018 20:20,75893,1360,59,0.180000007,179208,327.75,0,1,327.75,268.7600098,0,Eastern Asia,Zhejiang,PROCESSING,,1360,73,,http://images.acmesports.sports/Smart+watch ,Smart watch ,327.75,0,1/16/2018 20:20,Standard Class,
XXXXXXXXX,Corporate,MT,3177 Round Gate,44687.52623,4,Apparel,18.38011932,-66.18312836,Pacific Asia,Mirzapur,India,9083,2/24/2016 13:57,28744,365,4.800000191,0.039999999,71956,59.99000168,-0.270000011,2,119.9800034,115.1800003,-30.75,South Asia,Uttar Pradesh,PENDING_PAYMENT,,365,17,,http://images.acmesports.sports/Perfect+Fitness+Perfect+Rip+Deck,Perfect Fitness Perfect Rip Deck,59.99000168,0,2/29/2016 13:57,Second Class,
XXXXXXXXX,Corporate,PR,1427 Fallen Line,45153.27971,5,Golf,18.23557282,-66.3706131,Pacific Asia,Bursa,Turquía,4741,10/25/2016 14:39,45461,627,0.800000012,0.01,113598,39.99000168,-1.549999952,2,79.98000336,79.18000031,-122.7300034,West Asia,Bursa,PENDING_PAYMENT,,627,29,,http://images.acmesports.sports/Under+Armour+Girls%27+Toddler+Spine+Surge+Running+Shoe,Under Armour Girls' Toddler Spine Surge Runni,39.99000168,0,10/27/2016 14:39,Second Class,
XXXXXXXXX,Consumer,PA,9815 Emerald Prairie Limits,45619.03319,5,Golf,18.02536774,-66.61303711,Pacific Asia,Murray Bridge,Australia,639,3/30/2016 4:37,31115,502,4,0.039999999,77757,50,0.349999994,2,100,96,33.59999847,Oceania,Australia del Sur,PENDING_PAYMENT,,502,24,,http://images.acmesports.sports/Nike+Men%27s+Dri-FIT+Victory+Golf+Polo,Nike Men's Dri-FIT Victory Golf Polo,50,0,4/5/2016 4:37,Second Class,
XXXXXXXXX,Corporate,PR,8272 Tawny Elk Abbey,46084.78667,5,Golf,18.27383804,-66.37063599,Pacific Asia,Kartal,Turquía,9702,10/30/2016 1:31,45766,627,4,0.050000001,114401,39.99000168,0.330000013,2,79.98000336,75.98000336,24.69000053,West Asia,Estambul,PENDING_PAYMENT,,627,29,,http://images.acmesports.sports/Under+Armour+Girls%27+Toddler+Spine+Surge+Running+Shoe,Under Armour Girls' Toddler Spine Surge Runni,39.99000168,0,11/1/2016 1:31,Second Class,
XXXXXXXXX,Corporate,MI,3932 Gentle Ramp,46550.54014,5,Golf,18.2848053,-66.37059021,Pacific Asia,Ulan Bator,Mongolia,9114,11/28/2016 1:18,47752,502,9,0.090000004,119405,50,0.100000001,2,100,91,9.100000381,Eastern Asia,Ulán Bator,PENDING_PAYMENT,,502,24,,http://images.acmesports.sports/Nike+Men%27s+Dri-FIT+Victory+Golf+Polo,Nike Men's Dri-FIT Victory Golf Polo,50,0,12/1/2016 1:18,Second Class,
XXXXXXXXX,Consumer,NY,2124 Hazy Corner,47016.29362,5,Golf,18.29496765,-66.37050629,Pacific Asia,Estambul,Turquía,1362,12/31/2016 15:47,50054,502,13,0.129999995,125135,50,-0.25,2,100,87,-21.75,West Asia,Estambul,PENDING_PAYMENT,,502,24,,http://images.acmesports.sports/Nike+Men%27s+Dri-FIT+Victory+Golf+Polo,Nike Men's Dri-FIT Victory Golf Polo,50,0,1/5/2017 15:47,Second Class,
XXXXXXXXX,Home Office,PR,1881 Green Pine Bank,47482.0471,5,Golf,18.25571251,-66.37050629,Pacific Asia,Raipur,India,8011,10/25/2015 6:24,20365,502,18,0.180000007,50842,50,0.079999998,2,100,82,6.150000095,South Asia,Rajastán,PENDING_PAYMENT,,502,24,,http://images.acmesports.sports/Nike+Men%27s+Dri-FIT+Victory+Golf+Polo,Nike Men's Dri-FIT Victory Golf Polo,50,0,10/31/2015 6:24,Second Class,
XXXXXXXXX,Corporate,FL,7597 Cotton Log Row,47947.80058,3,Footwear,18.23466301,-66.37059784,USCA,Pasco,Estados Unidos,3296,6/11/2016 15:12,36146,278,15.30000019,0.170000002,90273,44.99000168,0.300000012,2,89.98000336,74.68000031,22.40999985,West of USA ,Washington,PENDING_PAYMENT,99301,278,13,,http://images.acmesports.sports/Under+Armour+Men%27s+Compression+EV+SL+Slide,Under Armour Men's Compression EV SL Slide,44.99000168,0,6/13/2016 15:12,Second Class,
XXXXXXXXX,Corporate,PR,2053 Dusty Route,48413.55406,3,Footwear,18.26268196,-66.37049866,USCA,Los Angeles,Estados Unidos,3182,8/24/2016 21:45,41234,249,19.79000092,0.180000007,102921,54.97000122,0.280000001,2,109.9400024,90.15000153,25.23999977,West of USA ,California,PENDING_PAYMENT,90049,249,12,,http://images.acmesports.sports/Under+Armour+Women%27s+Micro+G+Skulpt+Running+Shoe,Under Armour Women's Micro G Skulpt Running S,54.97000122,0,8/29/2016 21:45,Second Class,
XXXXXXXXX,Corporate,CA,9141 Blue Blossom Court,48879.30754,4,Apparel,18.28279495,-66.37055969,USCA,San Francisco,Estados Unidos,7864,4/13/2016 10:12,32090,365,2.400000095,0.02,80250,59.99000168,0.25999999,2,119.9800034,117.5800018,30.5699997,West of USA ,California,PENDING_PAYMENT,94110,365,17,,http://images.acmesports.sports/Perfect+Fitness+Perfect+Rip+Deck,Perfect Fitness Perfect Rip Deck,59.99000168,0,4/19/2016 10:12,Second Class,
XXXXXXXXX,Corporate,PR,4060 Quiet Heights,49345.06101,4,Apparel,18.27466202,-66.37058258,USCA,Overland Park,Estados Unidos,11169,5/22/2016 14:10,34773,365,24,0.200000003,86866,59.99000168,0.479999989,2,119.9800034,95.98000336,46.0699997,US Center ,Kansas,PENDING_PAYMENT,66212,365,17,,http://images.acmesports.sports/Perfect+Fitness+Perfect+Rip+Deck,Perfect Fitness Perfect Rip Deck,59.99000168,0,5/26/2016 14:10,Second Class,
XXXXXXXXX,Consumer,NY,3245 Shady Corner,49810.81449,3,Footwear,18.2689991,-66.37049866,Africa,Ugep,Nigeria,5197,10/4/2016 22:55,44046,191,36,0.119999997,110025,99.98999786,-0.699999988,3,299.9700012,263.9700012,-184.7799988,West Africa,Cross River,PENDING_PAYMENT,,191,9,,http://images.acmesports.sports/Nike+Men%27s+Free+5.0%2B+Running+Shoe,Nike Men's Free 5.0+ Running Shoe,99.98999786,0,10/6/2016 22:55,Second Class,
XXXXXXXXX,Corporate,CA,133 Sunny Treasure Green,50276.56797,5,Golf,18.2308178,-66.37052155,Africa,Kinshasa,República Democrática del Congo,1535,11/8/2016 12:32,46414,627,6,0.050000001,116033,39.99000168,0.340000004,3,119.9700012,113.9700012,38.75,Central Africa,Kinshasa,PENDING_PAYMENT,,627,29,,http://images.acmesports.sports/Under+Armour+Girls%27+Toddler+Spine+Surge+Running+Shoe,Under Armour Girls' Toddler Spine Surge Runni,39.99000168,0,11/13/2016 12:32,Second Class,
XXXXXXXXX,Corporate,PR,2533 Wishing Square,50742.32145,6,Outdoors,18.26138115,-66.37056732,Africa,Dakar,Senegal,6122,11/11/2016 5:21,46599,917,1.980000019,0.029999999,116462,21.98999977,-0.059999999,3,65.97000122,63.99000168,-3.650000095,West Africa,Dakar,PENDING_PAYMENT,,917,41,,http://images.acmesports.sports/Glove+It+Women%27s+Mod+Oval+3-Zip+Carry+All+Golf+Bag,Glove It Women's Mod Oval 3-Zip Carry All Gol,21.98999977,0,11/16/2016 5:21,Second Class,
XXXXXXXXX,Corporate,MA,6419 Silver Towers,51208.07493,6,Outdoors,18.23650742,-66.37051392,Africa,Casablanca,Marruecos,9451,12/8/2016 0:14,48434,828,16.30999947,0.170000002,121134,31.98999977,0.479999989,3,95.97000122,79.66000366,38.22999954,North Africa,Gran Casablanca,PENDING_PAYMENT,,828,37,,http://images.acmesports.sports/Bridgestone+e6+Straight+Distance+NFL+San+Diego+Chargers...,Bridgestone e6 Straight Distance NFL San Dieg,31.98999977,0,12/13/2016 0:14,Second Class,
XXXXXXXXX,Corporate,PR,259 Harvest Close,51673.82841,3,Footwear,18.35921478,-66.07779694,Europe,Dortmund,Alemania,542,7/7/2015 5:31,12827,191,6,0.02,32072,99.98999786,0.439999998,3,299.9700012,293.9700012,129.3500061,Western Europe,Renania del Norte-Westfalia,PENDING_PAYMENT,,191,9,,http://images.acmesports.sports/Nike+Men%27s+Free+5.0%2B+Running+Shoe,Nike Men's Free 5.0+ Running Shoe,99.98999786,0,7/10/2015 5:31,Second Class,
XXXXXXXXX,Corporate,PR,7344 Hazy Beacon Park,52139.58188,3,Footwear,18.29944229,-66.37052155,Europe,Drancy,Francia,11329,7/22/2017 7:16,63936,191,30,0.100000001,159828,99.98999786,0.49000001,3,299.9700012,269.9700012,132.2899933,Western Europe,Isla de Francia,PENDING_PAYMENT,,191,9,,http://images.acmesports.sports/Nike+Men%27s+Free+5.0%2B+Running+Shoe,Nike Men's Free 5.0+ Running Shoe,99.98999786,0,7/24/2017 7:16,Second Class,
XXXXXXXXX,Corporate,CA,7789 Lazy Corners,52605.33536,3,Footwear,18.28996849,-66.37054443,Europe,Nantes,Francia,3570,8/7/2017 6:33,65030,191,74.98999786,0.25,162548,99.98999786,0.340000004,3,299.9700012,224.9799957,76.04000092,Western Europe,Países del Loira,PENDING_PAYMENT,,191,9,,http://images.acmesports.sports/Nike+Men%27s+Free+5.0%2B+Running+Shoe,Nike Men's Free 5.0+ Running Shoe,99.98999786,0,8/13/2017 6:33,Second Class,
XXXXXXXXX,Consumer,PR,5138 Rustic Pioneer Estates,53071.08884,4,Apparel,18.2275734,-66.04563141,Europe,Groningen,Países Bajos,650,9/22/2015 7:41,18108,365,3.599999905,0.02,45253,59.99000168,0.460000008,3,179.9700012,176.3699951,81.12999725,Western Europe,Groningen,PENDING_PAYMENT,,365,17,,http://images.acmesports.sports/Perfect+Fitness+Perfect+Rip+Deck,Perfect Fitness Perfect Rip Deck,59.99000168,0,9/26/2015 7:41,Second Class,
XXXXXXXXX,Consumer,IL,1725 Tawny Via,53536.84232,4,Apparel,18.2988205,-66.37059784,Europe,Gateshead,Reino Unido,9353,7/2/2017 9:03,62571,365,12.60000038,0.07,156394,59.99000168,0.25999999,3,179.9700012,167.3699951,43.52000046,Northern Europe,Inglaterra,PENDING_PAYMENT,,365,17,,http://images.acmesports.sports/Perfect+Fitness+Perfect+Rip+Deck,Perfect Fitness Perfect Rip Deck,59.99000168,0,7/4/2017 9:03,Second Class,
XXXXXXXXX,Corporate,CA,7113 Silent Fox Gardens,54002.5958,4,Apparel,18.02538109,-66.61508179,Europe,Eastbourne,Reino Unido,54,9/8/2015 12:15,17162,365,16.20000076,0.090000004,42919,59.99000168,0.419999987,3,179.9700012,163.7700043,68.77999878,Northern Europe,Inglaterra,PENDING_PAYMENT,,365,17,,http://images.acmesports.sports/Perfect+Fitness+Perfect+Rip+Deck,Perfect Fitness Perfect Rip Deck,59.99000168,0,9/11/2015 12:15,Second Class,
XXXXXXXXX,Corporate,PR,3734 Old Mountain Bank,54468.34928,4,Apparel,18.25048637,-66.37062836,Europe,Hayange,Francia,12151,8/20/2017 7:03,65922,365,18,0.100000001,164735,59.99000168,0.25,3,179.9700012,161.9700012,40.49000168,Western Europe,Alsacia-Champańa-Ardenas-Lorena,PENDING_PAYMENT,,365,17,,http://images.acmesports.sports/Perfect+Fitness+Perfect+Rip+Deck,Perfect Fitness Perfect Rip Deck,59.99000168,0,8/23/2017 7:03,Second Class,
XXXXXXXXX,Corporate,CA,6219 Rustic Lake Forest,54934.10275,5,Golf,18.29944229,-66.37052155,Europe,Drancy,Francia,11329,7/22/2017 7:16,63936,502,10.5,0.07,159829,50,0.150000006,3,150,139.5,20.93000031,Western Europe,Isla de Francia,PENDING_PAYMENT,,502,24,,http://images.acmesports.sports/Nike+Men%27s+Dri-FIT+Victory+Golf+Polo,Nike Men's Dri-FIT Victory Golf Polo,50,0,7/24/2017 7:16,Second Class,
XXXXXXXXX,Corporate,PR,1084 Quiet Treasure Link,55399.85623,5,Golf,18.24069786,-66.37055969,Europe,Portsmouth,Reino Unido,10018,8/4/2017 2:31,64813,627,12,0.100000001,162007,39.99000168,0.109999999,3,119.9700012,107.9700012,12.19999981,Northern Europe,Inglaterra,PENDING_PAYMENT,,627,29,,http://images.acmesports.sports/Under+Armour+Girls%27+Toddler+Spine+Surge+Running+Shoe,Under Armour Girls' Toddler Spine Surge Runni,39.99000168,0,8/8/2017 2:31,Second Class,
XXXXXXXXX,Corporate,MT,3178 Round Gate,55865.60971,5,Golf,18.26268196,-66.37049866,Europe,Gelsenkirchen,Alemania,3182,9/18/2017 1:14,67892,502,37.5,0.25,169747,50,0.109999999,3,150,112.5,12.71000004,Western Europe,Renania del Norte-Westfalia,PENDING_PAYMENT,,502,24,,http://images.acmesports.sports/Nike+Men%27s+Dri-FIT+Victory+Golf+Polo,Nike Men's Dri-FIT Victory Golf Polo,50,0,9/21/2017 1:14,Second Class,
XXXXXXXXX,Corporate,PR,1428 Fallen Line,56331.36319,6,Outdoors,18.21209908,-66.37050629,Europe,Nice,Francia,4936,7/2/2015 19:42,12525,917,10.56000042,0.159999996,31344,21.98999977,0.140000001,3,65.97000122,55.40999985,7.760000229,Western Europe,Provenza-Alpes-Costa Azul,PENDING_PAYMENT,,917,41,,http://images.acmesports.sports/Glove+It+Women%27s+Mod+Oval+3-Zip+Carry+All+Golf+Bag,Glove It Women's Mod Oval 3-Zip Carry All Gol,21.98999977,0,7/8/2015 19:42,Second Class,
XXXXXXXXX,Consumer,PA,9816 Emerald Prairie Limits,56797.11667,3,Footwear,18.23131371,-66.37062836,LATAM,Petapa,Guatemala,8707,3/28/2015 0:55,5895,191,0,0,14664,99.98999786,0.340000004,3,299.9700012,299.9700012,101.3899994,Central America,Guatemala,PENDING_PAYMENT,,191,9,,http://images.acmesports.sports/Nike+Men%27s+Free+5.0%2B+Running+Shoe,Nike Men's Free 5.0+ Running Shoe,99.98999786,0,4/3/2015 0:55,Second Class,
XXXXXXXXX,Corporate,PR,8273 Tawny Elk Abbey,57262.87014,4,Apparel,18.29652023,-66.04867554,LATAM,Mejicanos,El Salvador,1025,4/2/2017 16:43,56359,365,1.799999952,0.01,140970,59.99000168,-1.600000024,3,179.9700012,178.1699982,-285.0700073,Central America,San Salvador,PENDING_PAYMENT,,365,17,,http://images.acmesports.sports/Perfect+Fitness+Perfect+Rip+Deck,Perfect Fitness Perfect Rip Deck,59.99000168,0,4/7/2017 16:43,Second Class,
XXXXXXXXX,Corporate,MI,3933 Gentle Ramp,57728.62362,4,Apparel,18.28746414,-66.37054443,LATAM,David,Panamá,8831,5/5/2017 14:23,58613,365,9,0.050000001,146701,59.99000168,0.25,3,179.9700012,170.9700012,42.74000168,Central America,Chiriquí,PENDING_PAYMENT,,365,17,,http://images.acmesports.sports/Perfect+Fitness+Perfect+Rip+Deck,Perfect Fitness Perfect Rip Deck,59.99000168,0,5/9/2017 14:23,Second Class,
XXXXXXXXX,Consumer,NY,2125 Hazy Corner,58194.3771,4,Apparel,18.29108048,-66.37050629,LATAM,Santo Domingo,República Dominicana,10679,4/25/2015 4:44,7824,365,9.899999619,0.059999999,19564,59.99000168,0.289999992,3,179.9700012,170.0700073,49.3199997,Caribbean,Santo Domingo,PENDING_PAYMENT,,365,17,,http://images.acmesports.sports/Perfect+Fitness+Perfect+Rip+Deck,Perfect Fitness Perfect Rip Deck,59.99000168,0,4/30/2015 4:44,Second Class,
XXXXXXXXX,Home Office,PR,1882 Green Pine Bank,58660.13058,4,Apparel,18.24984551,-66.37050629,LATAM,Cabimas,Venezuela,5007,4/25/2015 1:14,7814,365,12.60000038,0.07,19544,59.99000168,0.479999989,3,179.9700012,167.3699951,80.33999634,South America,Zulia,PENDING_PAYMENT,,365,17,,http://images.acmesports.sports/Perfect+Fitness+Perfect+Rip+Deck,Perfect Fitness Perfect Rip Deck,59.99000168,0,4/30/2015 1:14,Second Class,
XXXXXXXXX,Corporate,FL,7598 Cotton Log Row,59125.88406,4,Apparel,18.24984551,-66.37050629,LATAM,Cabimas,Venezuela,5007,4/25/2015 1:14,7814,365,16.20000076,0.090000004,19542,59.99000168,-0.159999996,3,179.9700012,163.7700043,-26.69000053,South America,Zulia,PENDING_PAYMENT,,365,17,,http://images.acmesports.sports/Perfect+Fitness+Perfect+Rip+Deck,Perfect Fitness Perfect Rip Deck,59.99000168,0,4/30/2015 1:14,Second Class,
XXXXXXXXX,Corporate,PR,2054 Dusty Route,59591.63754,4,Apparel,18.25671768,-66.37062836,LATAM,Santo Domingo,República Dominicana,9854,6/6/2017 15:03,60807,365,27,0.150000006,152161,59.99000168,-0.769999981,3,179.9700012,152.9700012,-117.3300018,Caribbean,Santo Domingo,PENDING_PAYMENT,,365,17,,http://images.acmesports.sports/Perfect+Fitness+Perfect+Rip+Deck,Perfect Fitness Perfect Rip Deck,59.99000168,0,6/9/2017 15:03,Second Class,
XXXXXXXXX,Corporate,CA,9142 Blue Blossom Court,60057.39101,4,Apparel,18.24754334,-66.0253067,LATAM,Dos Quebradas,Colombia,376,2/18/2017 16:36,53413,365,27,0.150000006,133456,59.99000168,0.310000002,3,179.9700012,152.9700012,47.88000107,South America,Risaralda,PENDING_PAYMENT,,365,17,,http://images.acmesports.sports/Perfect+Fitness+Perfect+Rip+Deck,Perfect Fitness Perfect Rip Deck,59.99000168,0,2/22/2017 16:36,Second Class,
XXXXXXXXX,Corporate,PR,4061 Quiet Heights,60523.14449,5,Golf,18.27673721,-66.37055206,LATAM,Ilopango,El Salvador,5417,4/26/2015 3:10,7888,502,0,0,19707,50,0.479999989,3,150,150,72,Central America,San Salvador,PENDING_PAYMENT,,502,24,,http://images.acmesports.sports/Nike+Men%27s+Dri-FIT+Victory+Golf+Polo,Nike Men's Dri-FIT Victory Golf Polo,50,0,4/30/2015 3:10,Second Class,
XXXXXXXXX,Consumer,NY,3246 Shady Corner,60988.89797,5,Golf,18.2968483,-66.37050629,LATAM,Tegucigalpa,Honduras,10759,4/10/2015 0:02,6783,627,4.800000191,0.039999999,16956,39.99000168,0.25999999,3,119.9700012,115.1699982,29.94000053,Central America,Francisco Morazán,PENDING_PAYMENT,,627,29,,http://images.acmesports.sports/Under+Armour+Girls%27+Toddler+Spine+Surge+Running+Shoe,Under Armour Girls' Toddler Spine Surge Runni,39.99000168,0,4/14/2015 0:02,Second Class,
XXXXXXXXX,Corporate,CA,134 Sunny Treasure Green,61454.65145,5,Golf,18.29609299,-66.37050629,LATAM,Juazeiro,Brasil,8541,4/11/2017 15:49,56973,502,6,0.039999999,142502,50,0.159999996,3,150,144,23.46999931,South America,Bahía,PENDING_PAYMENT,,502,24,,http://images.acmesports.sports/Nike+Men%27s+Dri-FIT+Victory+Golf+Polo,Nike Men's Dri-FIT Victory Golf Polo,50,0,4/15/2017 15:49,Second Class,
XXXXXXXXX,Corporate,PR,2534 Wishing Square,61920.40493,5,Golf,18.29108048,-66.37050629,LATAM,Santo Domingo,República Dominicana,10679,4/25/2015 4:44,7824,502,7.5,0.050000001,19563,50,0.479999989,3,150,142.5,68.40000153,Caribbean,Santo Domingo,PENDING_PAYMENT,,502,24,,http://images.acmesports.sports/Nike+Men%27s+Dri-FIT+Victory+Golf+Polo,Nike Men's Dri-FIT Victory Golf Polo,50,0,4/30/2015 4:44,Second Class,
XXXXXXXXX,Corporate,MA,6420 Silver Towers,62386.15841,5,Golf,18.2105732,-66.37058258,LATAM,Mexico City,México,3752,3/16/2017 2:54,55155,502,10.5,0.07,137932,50,0.310000002,3,150,139.5,43.65999985,Central America,Distrito Federal,PENDING_PAYMENT,,502,24,,http://images.acmesports.sports/Nike+Men%27s+Dri-FIT+Victory+Golf+Polo,Nike Men's Dri-FIT Victory Golf Polo,50,0,3/22/2017 2:54,Second Class,
XXXXXXXXX,Corporate,PR,260 Harvest Close,62851.91188,5,Golf,18.20111656,-66.37059021,LATAM,Tlaquepaque,México,4673,3/29/2015 10:33,5991,502,18,0.119999997,14921,50,0.100000001,3,150,132,13.19999981,Central America,Jalisco,PENDING_PAYMENT,,502,24,,http://images.acmesports.sports/Nike+Men%27s+Dri-FIT+Victory+Golf+Polo,Nike Men's Dri-FIT Victory Golf Polo,50,0,3/31/2015 10:33,Second Class,
XXXXXXXXX,Corporate,PR,7345 Hazy Beacon Park,63317.66536,5,Golf,18.21469116,-66.37051392,LATAM,Puebla,México,5367,2/3/2015 0:28,2263,502,18,0.119999997,5671,50,0.349999994,3,150,132,46.20000076,Central America,Puebla,PENDING_PAYMENT,,502,24,,http://images.acmesports.sports/Nike+Men%27s+Dri-FIT+Victory+Golf+Polo,Nike Men's Dri-FIT Victory Golf Polo,50,0,2/7/2015 0:28,Second Class,
XXXXXXXXX,Corporate,CA,7790 Lazy Corners,63783.41884,5,Golf,18.21469116,-66.37051392,LATAM,Puebla,México,5367,2/3/2015 0:28,2263,502,19.5,0.129999995,5669,50,0.079999998,3,150,130.5,10.43999958,Central America,Puebla,PENDING_PAYMENT,,502,24,,http://images.acmesports.sports/Nike+Men%27s+Dri-FIT+Victory+Golf+Polo,Nike Men's Dri-FIT Victory Golf Polo,50,0,2/7/2015 0:28,Second Class,
XXXXXXXXX,Consumer,PR,5139 Rustic Pioneer Estates,64249.17232,5,Golf,18.28425598,-66.37058258,LATAM,Mexico City,México,10485,2/18/2017 13:05,53403,502,25.5,0.170000002,133427,50,0.129999995,3,150,124.5,15.56000042,Central America,Distrito Federal,PENDING_PAYMENT,,502,24,,http://images.acmesports.sports/Nike+Men%27s+Dri-FIT+Victory+Golf+Polo,Nike Men's Dri-FIT Victory Golf Polo,50,0,2/22/2017 13:05,Second Class,
XXXXXXXXX,Consumer,IL,1726 Tawny Via,64714.9258,5,Golf,18.20666885,-66.37056732,LATAM,Săo Paulo,Brasil,9272,1/18/2017 19:37,51298,627,20.38999939,0.170000002,128201,39.99000168,0.330000013,3,119.9700012,99.58000183,32.86000061,South America,Săo Paulo,PENDING_PAYMENT,,627,29,,http://images.acmesports.sports/Under+Armour+Girls%27+Toddler+Spine+Surge+Running+Shoe,Under Armour Girls' Toddler Spine Surge Runni,39.99000168,0,1/22/2017 19:37,Second Class,
XXXXXXXXX,Corporate,CA,7114 Silent Fox Gardens,65180.67928,5,Golf,18.35907555,-66.07783508,LATAM,Montevideo,Uruguay,647,3/13/2015 18:59,4919,502,10,0.039999999,12307,50,0.039999999,5,250,240,9.600000381,South America,Montevideo,PENDING,,502,24,,http://images.acmesports.sports/Nike+Men%27s+Dri-FIT+Victory+Golf+Polo,Nike Men's Dri-FIT Victory Golf Polo,50,0,3/18/2015 18:59,Standard Class,
XXXXXXXXX,Corporate,PR,3735 Old Mountain Bank,65646.43275,5,Golf,18.26378822,-66.37052918,LATAM,Buenos Aires,Argentina,6398,2/7/2017 9:47,52640,627,10,0.050000001,131580,39.99000168,0.289999992,5,199.9499969,189.9499969,55.09000015,South America,Buenos Aires,PENDING,,627,29,,http://images.acmesports.sports/Under+Armour+Girls%27+Toddler+Spine+Surge+Running+Shoe,Under Armour Girls' Toddler Spine Surge Runni,39.99000168,0,2/13/2017 9:47,Standard Class,
XXXXXXXXX,Corporate,CA,6220 Rustic Lake Forest,66112.18623,5,Golf,18.20330429,-66.37052155,LATAM,Săo Paulo,Brasil,4209,4/3/2015 19:08,6358,627,11,0.059999999,15921,39.99000168,0.360000014,5,199.9499969,188.9499969,68.58999634,South America,Săo Paulo,PENDING,,627,29,,http://images.acmesports.sports/Under+Armour+Girls%27+Toddler+Spine+Surge+Running+Shoe,Under Armour Girls' Toddler Spine Surge Runni,39.99000168,0,4/7/2015 19:08,Standard Class,
XXXXXXXXX,Corporate,PR,1085 Quiet Treasure Link,66577.93971,5,Golf,18.22487068,-66.37052155,LATAM,Barueri,Brasil,8917,4/13/2017 14:25,57106,502,13.75,0.059999999,142841,50,0.219999999,5,250,236.25,51.97999954,South America,Săo Paulo,PENDING,,502,24,,http://images.acmesports.sports/Nike+Men%27s+Dri-FIT+Victory+Golf+Polo,Nike Men's Dri-FIT Victory Golf Polo,50,0,4/15/2017 14:25,Standard Class,
XXXXXXXXX,Corporate,MT,3179 Round Gate,67043.69319,5,Golf,18.25061035,-66.37062836,LATAM,Arapongas,Brasil,7784,4/2/2015 3:33,6245,502,13.75,0.059999999,15634,50,-0.100000001,5,250,236.25,-23.62999916,South America,Paraná,PENDING,,502,24,,http://images.acmesports.sports/Nike+Men%27s+Dri-FIT+Victory+Golf+Polo,Nike Men's Dri-FIT Victory Golf Polo,50,0,4/8/2015 3:33,Standard Class,
XXXXXXXXX,Corporate,PR,1429 Fallen Line,67509.44667,5,Golf,18.27340317,-66.37052155,LATAM,Camagüey,Cuba,1425,1/31/2017 11:43,52166,642,13.5,0.090000004,130341,30,0.49000001,5,150,136.5,66.88999939,Caribbean,Camagüey,PENDING,,642,29,,http://images.acmesports.sports/Columbia+Men%27s+PFG+Anchor+Tough+T-Shirt,Columbia Men's PFG Anchor Tough T-Shirt,30,0,2/2/2017 11:43,Standard Class,
XXXXXXXXX,Consumer,PA,9817 Emerald Prairie Limits,67975.20014,5,Golf,18.29137993,-66.3705368,LATAM,Las Tunas,Cuba,2737,3/30/2017 23:12,56172,627,18,0.090000004,140494,39.99000168,0.059999999,5,199.9499969,181.9499969,11.46000004,Caribbean,Las Tunas,PENDING,,627,29,,http://images.acmesports.sports/Under+Armour+Girls%27+Toddler+Spine+Surge+Running+Shoe,Under Armour Girls' Toddler Spine Surge Runni,39.99000168,0,4/2/2017 23:12,Standard Class,
XXXXXXXXX,Corporate,PR,8274 Tawny Elk Abbey,68440.95362,5,Golf,18.24738884,-66.37057495,LATAM,Santo Domingo,República Dominicana,6428,3/25/2017 23:02,55829,502,25,0.100000001,139611,50,0.100000001,5,250,225,22.5,Caribbean,Santo Domingo,PENDING,,502,24,,http://images.acmesports.sports/Nike+Men%27s+Dri-FIT+Victory+Golf+Polo,Nike Men's Dri-FIT Victory Golf Polo,50,0,3/30/2017 23:02,Standard Class,
XXXXXXXXX,Corporate,MI,3934 Gentle Ramp,68906.7071,5,Golf,18.27920532,-66.37055206,LATAM,Tepic,México,6543,2/5/2017 1:01,52478,502,25,0.100000001,131161,50,0.300000012,5,250,225,67.5,Central America,Nayarit,PENDING,,502,24,,http://images.acmesports.sports/Nike+Men%27s+Dri-FIT+Victory+Golf+Polo,Nike Men's Dri-FIT Victory Golf Polo,50,0,2/9/2017 1:01,Standard Class,
XXXXXXXXX,Consumer,NY,2126 Hazy Corner,69372.46058,5,Golf,17.98249054,-66.1126709,LATAM,San Miguelito,Panamá,3990,4/15/2017 14:04,57242,627,25.98999977,0.129999995,143183,39.99000168,0.449999988,5,199.9499969,173.9600067,78.27999878,Central America,Panamá,PENDING,,627,29,,http://images.acmesports.sports/Under+Armour+Girls%27+Toddler+Spine+Surge+Running+Shoe,Under Armour Girls' Toddler Spine Surge Runni,39.99000168,0,4/18/2017 14:04,Standard Class,
XXXXXXXXX,Home Office,PR,1883 Green Pine Bank,69838.21406,5,Golf,18.24496079,-66.3705368,LATAM,Ixtapaluca,México,8524,2/15/2015 18:40,3137,502,32.5,0.129999995,7805,50,0.479999989,5,250,217.5,104.4000015,Central America,México,PENDING,,502,24,,http://images.acmesports.sports/Nike+Men%27s+Dri-FIT+Victory+Golf+Polo,Nike Men's Dri-FIT Victory Golf Polo,50,0,2/18/2015 18:40,Standard Class,
XXXXXXXXX,Corporate,FL,7599 Cotton Log Row,70303.96754,5,Golf,18.28453636,-66.37060547,LATAM,Maceió,Brasil,9204,5/27/2017 16:48,60127,502,32.5,0.129999995,150464,50,0.219999999,5,250,217.5,47.84999847,South America,Alagoas,PENDING,,502,24,,http://images.acmesports.sports/Nike+Men%27s+Dri-FIT+Victory+Golf+Polo,Nike Men's Dri-FIT Victory Golf Polo,50,0,5/30/2017 16:48,Standard Class,
XXXXXXXXX,Corporate,PR,2055 Dusty Route,70769.72101,5,Golf,18.28339195,-66.37051392,LATAM,David,Panamá,11761,2/25/2015 20:46,3828,627,29.98999977,0.150000006,9521,39.99000168,0.25999999,5,199.9499969,169.9600067,44.18999863,Central America,Chiriquí,PENDING,,627,29,,http://images.acmesports.sports/Under+Armour+Girls%27+Toddler+Spine+Surge+Running+Shoe,Under Armour Girls' Toddler Spine Surge Runni,39.99000168,0,3/1/2015 20:46,Standard Class,
XXXXXXXXX,Corporate,CA,9143 Blue Blossom Court,71235.47449,5,Golf,18.22172546,-66.37059021,LATAM,Belo Horizonte,Brasil,9554,5/31/2017 11:33,60386,502,37.5,0.150000006,151122,50,0.039999999,5,250,212.5,8.5,South America,Minas Gerais,PENDING,,502,24,,http://images.acmesports.sports/Nike+Men%27s+Dri-FIT+Victory+Golf+Polo,Nike Men's Dri-FIT Victory Golf Polo,50,0,6/2/2017 11:33,Standard Class,
XXXXXXXXX,Corporate,PR,4062 Quiet Heights,71701.22797,5,Golf,18.25333214,-66.37051392,LATAM,Santiago de Cuba,Cuba,5118,1/15/2015 4:32,973,627,31.98999977,0.159999996,2420,39.99000168,0.5,5,199.9499969,167.9600067,83.98000336,Caribbean,Santiago de Cuba,PENDING,,627,29,,http://images.acmesports.sports/Under+Armour+Girls%27+Toddler+Spine+Surge+Running+Shoe,Under Armour Girls' Toddler Spine Surge Runni,39.99000168,0,1/19/2015 4:32,Standard Class,
XXXXXXXXX,Consumer,NY,3247 Shady Corner,72166.98145,5,Golf,18.22976875,-66.37052918,LATAM,San Pedro Sula,Honduras,5506,4/26/2017 15:16,57999,502,42.5,0.170000002,145119,50,0.340000004,5,250,207.5,70.13999939,Central America,Cortés,PENDING,,502,24,,http://images.acmesports.sports/Nike+Men%27s+Dri-FIT+Victory+Golf+Polo,Nike Men's Dri-FIT Victory Golf Polo,50,0,5/1/2017 15:16,Standard Class,
XXXXXXXXX,Corporate,CA,135 Sunny Treasure Green,72632.73493,5,Golf,18.22978401,-66.37054443,LATAM,Lima,Perú,1423,3/7/2017 19:12,54585,502,42.5,0.170000002,136527,50,0.349999994,5,250,207.5,72.62999725,South America,Lima (ciudad),PENDING,,502,24,,http://images.acmesports.sports/Nike+Men%27s+Dri-FIT+Victory+Golf+Polo,Nike Men's Dri-FIT Victory Golf Polo,50,0,3/13/2017 19:12,Standard Class,
XXXXXXXXX,Corporate,PR,2535 Wishing Square,73098.48841,5,Golf,18.22758102,-66.04357147,LATAM,Holguín,Cuba,138,4/20/2017 18:47,57598,502,50,0.200000003,144075,50,-0.699999988,5,250,200,-140,Caribbean,Holguín,PENDING,,502,24,,http://images.acmesports.sports/Nike+Men%27s+Dri-FIT+Victory+Golf+Polo,Nike Men's Dri-FIT Victory Golf Polo,50,0,4/24/2017 18:47,Standard Class,
XXXXXXXXX,Corporate,MA,6421 Silver Towers,73564.24188,5,Golf,18.22297287,-66.37059021,LATAM,Orizaba,México,6360,3/3/2017 6:14,54274,502,50,0.200000003,135699,50,-0.159999996,5,250,200,-32.59999847,Central America,Veracruz,PENDING,,502,24,,http://images.acmesports.sports/Nike+Men%27s+Dri-FIT+Victory+Golf+Polo,Nike Men's Dri-FIT Victory Golf Polo,50,0,3/8/2017 6:14,Standard Class,
XXXXXXXXX,Corporate,PR,261 Harvest Close,74029.99536,5,Golf,18.24120712,-66.37050629,LATAM,Managua,Nicaragua,2053,6/4/2017 16:06,60673,627,49.99000168,0.25,151869,39.99000168,0.460000008,5,199.9499969,149.9600067,68.98000336,Central America,Managua,PENDING,,627,29,,http://images.acmesports.sports/Under+Armour+Girls%27+Toddler+Spine+Surge+Running+Shoe,Under Armour Girls' Toddler Spine Surge Runni,39.99000168,0,6/8/2017 16:06,Standard Class,
XXXXXXXXX,Corporate,PR,7346 Hazy Beacon Park,74495.74884,5,Golf,18.05199051,-66.50184631,LATAM,Villahermosa,México,10344,5/16/2017 21:33,59387,502,62.5,0.25,148673,50,-0.059999999,5,250,187.5,-11.81000042,Central America,Tabasco,PENDING,,502,24,,http://images.acmesports.sports/Nike+Men%27s+Dri-FIT+Victory+Golf+Polo,Nike Men's Dri-FIT Victory Golf Polo,50,0,5/19/2017 21:33,Standard Class,
XXXXXXXXX,Corporate,CA,7791 Lazy Corners,74961.50232,5,Golf,18.26378822,-66.37052918,LATAM,Buenos Aires,Argentina,6398,2/7/2017 9:47,52640,502,62.5,0.25,131577,50,0.280000001,5,250,187.5,52.5,South America,Buenos Aires,PENDING,,502,24,,http://images.acmesports.sports/Nike+Men%27s+Dri-FIT+Victory+Golf+Polo,Nike Men's Dri-FIT Victory Golf Polo,50,0,2/13/2017 9:47,Standard Class,
XXXXXXXXX,Consumer,PR,5140 Rustic Pioneer Estates,75427.2558,5,Golf,18.20664215,-66.37052918,LATAM,Quixadá,Brasil,3375,5/27/2015 1:32,10007,502,62.5,0.25,24992,50,0.49000001,5,250,187.5,91.87999725,South America,Ceará,PENDING,,502,24,,http://images.acmesports.sports/Nike+Men%27s+Dri-FIT+Victory+Golf+Polo,Nike Men's Dri-FIT Victory Golf Polo,50,0,5/30/2015 1:32,Standard Class,
XXXXXXXXX,Consumer,IL,1727 Tawny Via,75893.00928,6,Outdoors,18.27825165,-66.37059784,LATAM,Mejicanos,El Salvador,1339,3/28/2017 5:20,55984,818,2.400000095,0.01,139976,47.99000168,0.129999995,5,239.9499969,237.5500031,29.69000053,Central America,San Salvador,PENDING,,818,37,,http://images.acmesports.sports/Titleist+Pro+V1x+Golf+Balls,Titleist Pro V1x Golf Balls,47.99000168,0,4/2/2017 5:20,Standard Class,
XXXXXXXXX,Corporate,CA,7115 Silent Fox Gardens,76358.76275,6,Outdoors,18.27920532,-66.37055206,LATAM,Tepic,México,6543,2/5/2017 1:01,52478,825,6.400000095,0.039999999,131164,31.98999977,0.479999989,5,159.9499969,153.5500031,73.69999695,Central America,Nayarit,PENDING,,825,37,,http://images.acmesports.sports/Bridgestone+e6+Straight+Distance+NFL+Tennessee+Titans+Golf...,Bridgestone e6 Straight Distance NFL Tennesse,31.98999977,0,2/9/2017 1:01,Standard Class,
XXXXXXXXX,Corporate,PR,3736 Old Mountain Bank,76824.51623,6,Outdoors,17.98249054,-66.1126709,LATAM,Mixco,Guatemala,3990,5/2/2017 3:00,58375,306,53.99000168,0.119999997,146090,89.98999786,-0.200000003,5,449.9500122,395.9599915,-79.19000244,Central America,Guatemala,PENDING,,306,38,,http://images.acmesports.sports/Polar+FT4+Heart+Rate+Monitor,Polar FT4 Heart Rate Monitor,89.98999786,0,5/8/2017 3:00,Standard Class,
XXXXXXXXX,Corporate,CA,6221 Rustic Lake Forest,77290.26971,7,Fan Shop,18.22776032,-66.37059021,LATAM,Nueva Gerona,Cuba,7247,4/3/2017 23:53,56448,977,25.48999977,0.170000002,141192,29.98999977,0.280000001,5,149.9499969,124.4599991,34.84999847,Caribbean,Isla de la Juventud,PENDING,,977,44,,http://images.acmesports.sports/ENO+Atlas+Hammock+Straps,ENO Atlas Hammock Straps,29.98999977,0,4/7/2017 23:53,Standard Class,
XXXXXXXXX,Corporate,PR,1086 Quiet Treasure Link,77756.02319,2,Fitness,18.2362442,-66.37062073,LATAM,Buenos Aires,Argentina,1273,4/30/2015 23:49,8221,44,15,0.050000001,20537,59.99000168,0.25999999,5,299.9500122,284.9500122,74.08999634,South America,Buenos Aires,PROCESSING,,44,3,,http://images.acmesports.sports/adidas+Men%27s+F10+Messi+TRX+FG+Soccer+Cleat,adidas Men's F10 Messi TRX FG Soccer Cleat,59.99000168,0,5/2/2015 23:49,Standard Class,
XXXXXXXXX,Corporate,MT,3180 Round Gate,78221.77667,3,Footwear,18.21949196,-66.37052918,LATAM,Chimaltenango,Guatemala,6277,4/27/2017 3:32,58034,191,0,0,145203,99.98999786,0.300000012,5,499.9500122,499.9500122,149.9900055,Central America,Chimaltenango,PROCESSING,,191,9,,http://images.acmesports.sports/Nike+Men%27s+Free+5.0%2B+Running+Shoe,Nike Men's Free 5.0+ Running Shoe,99.98999786,0,5/2/2017 3:32,Standard Class,
XXXXXXXXX,Corporate,PR,1430 Fallen Line,78687.53014,3,Footwear,18.25289154,-66.37058258,LATAM,Villa Nueva,Guatemala,7701,2/2/2015 3:27,2203,191,5,0.01,5525,99.98999786,-0.039999999,5,499.9500122,494.9500122,-18.80999947,Central America,Guatemala,PROCESSING,,191,9,,http://images.acmesports.sports/Nike+Men%27s+Free+5.0%2B+Running+Shoe,Nike Men's Free 5.0+ Running Shoe,99.98999786,0,2/6/2015 3:27,Standard Class,
XXXXXXXXX,Consumer,PA,9818 Emerald Prairie Limits,79153.28362,3,Footwear,18.22985077,-66.37062073,LATAM,Quito,Ecuador,4126,2/13/2017 16:05,53069,191,15,0.029999999,132642,99.98999786,0.289999992,5,499.9500122,484.9500122,140.6399994,South America,Pichincha,PROCESSING,,191,9,,http://images.acmesports.sports/Nike+Men%27s+Free+5.0%2B+Running+Shoe,Nike Men's Free 5.0+ Running Shoe,99.98999786,0,2/18/2017 16:05,Standard Class,
XXXXXXXXX,Corporate,PR,8275 Tawny Elk Abbey,79619.0371,3,Footwear,18.22190094,-66.37052155,LATAM,Managua,Nicaragua,9528,5/27/2017 23:28,60146,191,20,0.039999999,150522,99.98999786,0.079999998,5,499.9500122,479.9500122,36,Central America,Managua,PROCESSING,,191,9,,http://images.acmesports.sports/Nike+Men%27s+Free+5.0%2B+Running+Shoe,Nike Men's Free 5.0+ Running Shoe,99.98999786,0,5/29/2017 23:28,Standard Class,
XXXXXXXXX,Corporate,MI,3935 Gentle Ramp,80084.79058,3,Footwear,18.26019096,-66.37052918,LATAM,Valle de La Pascua,Venezuela,1853,3/19/2017 19:53,55409,191,20,0.039999999,138585,99.98999786,0.379999995,5,499.9500122,479.9500122,179.9799957,South America,Guárico,PROCESSING,,191,9,,http://images.acmesports.sports/Nike+Men%27s+Free+5.0%2B+Running+Shoe,Nike Men's Free 5.0+ Running Shoe,99.98999786,0,3/24/2017 19:53,Standard Class,
XXXXXXXXX,Consumer,NY,2127 Hazy Corner,80550.54406,3,Footwear,18.28128624,-66.37050629,LATAM,San Miguelito,Panamá,11149,5/7/2015 15:56,8678,191,25,0.050000001,21674,99.98999786,-1.649999976,5,499.9500122,474.9500122,-783.6699829,Central America,Panamá,PROCESSING,,191,9,,http://images.acmesports.sports/Nike+Men%27s+Free+5.0%2B+Running+Shoe,Nike Men's Free 5.0+ Running Shoe,99.98999786,0,5/11/2015 15:56,Standard Class,
XXXXXXXXX,Home Office,PR,1884 Green Pine Bank,81016.29754,3,Footwear,18.21101761,-66.37052918,LATAM,San Miguelito,Panamá,5828,4/27/2015 11:23,7980,191,25,0.050000001,19945,99.98999786,0.419999987,5,499.9500122,474.9500122,199.4799957,Central America,Panamá,PROCESSING,,191,9,,http://images.acmesports.sports/Nike+Men%27s+Free+5.0%2B+Running+Shoe,Nike Men's Free 5.0+ Running Shoe,99.98999786,0,5/3/2015 11:23,Standard Class,
XXXXXXXXX,Corporate,FL,7600 Cotton Log Row,81482.05101,3,Footwear,18.22019768,-66.37058258,LATAM,Petapa,Guatemala,6887,4/14/2017 18:06,57185,191,50,0.100000001,143043,99.98999786,-0.600000024,5,499.9500122,449.9599915,-269.9700012,Central America,Guatemala,PROCESSING,,191,9,,http://images.acmesports.sports/Nike+Men%27s+Free+5.0%2B+Running+Shoe,Nike Men's Free 5.0+ Running Shoe,99.98999786,0,4/20/2017 18:06,Standard Class,
XXXXXXXXX,Corporate,PR,2056 Dusty Route,81947.80449,3,Footwear,18.25534058,-66.37050629,LATAM,Cotia,Brasil,4781,5/7/2015 1:13,8636,191,50,0.100000001,21551,99.98999786,-0.050000001,5,499.9500122,449.9599915,-22.5,South America,Săo Paulo,PROCESSING,,191,9,,http://images.acmesports.sports/Nike+Men%27s+Free+5.0%2B+Running+Shoe,Nike Men's Free 5.0+ Running Shoe,99.98999786,0,5/9/2015 1:13,Standard Class,
XXXXXXXXX,Corporate,CA,9144 Blue Blossom Court,82413.55797,3,Footwear,18.23215866,-66.37059021,LATAM,Itapecuru Mirim,Brasil,10668,6/12/2017 5:55,61192,251,112.4899979,0.25,153077,89.98999786,0.180000007,5,449.9500122,337.4599915,59.06000137,South America,Marańón,PROCESSING,,251,12,,http://images.acmesports.sports/Brooks+Women%27s+Ghost+6+Running+Shoe,Brooks Women's Ghost 6 Running Shoe,89.98999786,0,6/15/2017 5:55,Standard Class,
XXXXXXXXX,Corporate,PR,4063 Quiet Heights,82879.31145,4,Apparel,18.20737648,-66.37055206,LATAM,León,Nicaragua,5421,3/26/2017 15:30,55876,365,0,0,139714,59.99000168,0.469999999,5,299.9500122,299.9500122,140.9799957,Central America,León,PROCESSING,,365,17,,http://images.acmesports.sports/Perfect+Fitness+Perfect+Rip+Deck,Perfect Fitness Perfect Rip Deck,59.99000168,0,3/28/2017 15:30,Standard Class,
XXXXXXXXX,Consumer,NY,3248 Shady Corner,83345.06493,4,Apparel,18.27331543,-66.37060547,LATAM,Tlalpan,México,10200,2/17/2017 11:52,53331,365,3,0.01,133251,59.99000168,0.280000001,5,299.9500122,296.9500122,81.66000366,Central America,Distrito Federal,PROCESSING,,365,17,,http://images.acmesports.sports/Perfect+Fitness+Perfect+Rip+Deck,Perfect Fitness Perfect Rip Deck,59.99000168,0,2/19/2017 11:52,Standard Class,
XXXXXXXXX,Corporate,CA,136 Sunny Treasure Green,83810.81841,4,Apparel,18.2626648,-66.3706131,LATAM,Apopa,El Salvador,11254,1/25/2017 1:13,51725,365,3,0.01,129241,59.99000168,0.059999999,5,299.9500122,296.9500122,18.40999985,Central America,San Salvador,PROCESSING,,365,17,,http://images.acmesports.sports/Perfect+Fitness+Perfect+Rip+Deck,Perfect Fitness Perfect Rip Deck,59.99000168,0,1/31/2017 1:13,Standard Class,
XXXXXXXXX,Corporate,PR,2536 Wishing Square,84276.57188,4,Apparel,18.26016426,-66.37059021,LATAM,Cipolletti,Argentina,11106,2/6/2017 6:27,52562,365,6,0.02,131382,59.99000168,0.109999999,5,299.9500122,293.9500122,33.22000122,South America,Río Negro,PROCESSING,,365,17,,http://images.acmesports.sports/Perfect+Fitness+Perfect+Rip+Deck,Perfect Fitness Perfect Rip Deck,59.99000168,0,2/9/2017 6:27,Standard Class,
XXXXXXXXX,Corporate,MA,6422 Silver Towers,84742.32536,4,Apparel,18.24535179,-66.37059784,LATAM,Mejicanos,El Salvador,8456,5/22/2017 6:08,59754,365,9,0.029999999,149532,59.99000168,0.090000004,5,299.9500122,290.9500122,25.30999947,Central America,San Salvador,PROCESSING,,365,17,,http://images.acmesports.sports/Perfect+Fitness+Perfect+Rip+Deck,Perfect Fitness Perfect Rip Deck,59.99000168,0,5/27/2017 6:08,Standard Class,
XXXXXXXXX,Corporate,PR,262 Harvest Close,85208.07884,4,Apparel,18.21775055,-66.37060547,LATAM,La Ceiba,Honduras,6149,2/21/2017 1:00,53574,365,12,0.039999999,133893,59.99000168,-0.829999983,5,299.9500122,287.9500122,-239.8600006,Central America,Atlántida,PROCESSING,,365,17,,http://images.acmesports.sports/Perfect+Fitness+Perfect+Rip+Deck,Perfect Fitness Perfect Rip Deck,59.99000168,0,2/26/2017 1:00,Standard Class,
XXXXXXXXX,Corporate,PR,7347 Hazy Beacon Park,85673.83232,4,Apparel,18.29214859,-66.3706131,LATAM,Córdoba,México,1473,1/6/2015 19:26,399,365,16.5,0.059999999,989,59.99000168,-0.550000012,5,299.9500122,283.4500122,-155.8999939,Central America,Veracruz,PROCESSING,,365,17,,http://images.acmesports.sports/Perfect+Fitness+Perfect+Rip+Deck,Perfect Fitness Perfect Rip Deck,59.99000168,0,1/11/2015 19:26,Standard Class,
XXXXXXXXX,Consumer,PR,427 Grand Branch Hill,725,3,Footwear,18.26737404,-66.37062836,Africa,Kuito,Angola,1840,1/15/2017 4:44,51050,191,13,0.129999995,127587,99.98999786,0.460000008,1,99.98999786,86.98999786,40.02000046,Central Africa,Bié,ON_HOLD,,191,9,,http://images.acmesports.sports/Nike+Men%27s+Free+5.0%2B+Running+Shoe,Nike Men's Free 5.0+ Running Shoe,99.98999786,0,1/21/2017 4:44,Second Class,
XXXXXXXXX,Consumer,PR,2035 Lazy Diversion,725,4,Apparel,18.29659462,-66.37059021,Africa,Jartum,Sudán,6757,10/28/2016 19:23,45680,403,2.599999905,0.02,114171,129.9900055,0.349999994,1,129.9900055,127.3899994,44.59000015,North Africa,Jartum,ON_HOLD,,403,18,,http://images.acmesports.sports/Nike+Men%27s+CJ+Elite+2+TD+Football+Cleat,Nike Men's CJ Elite 2 TD Football Cleat,129.9900055,0,11/3/2016 19:23,Second Class,
XXXXXXXXX,Consumer,PR,4520 Grand Port,725,4,Apparel,18.27468491,-66.37056732,Africa,Hargeysa,Somalia,3972,9/19/2016 13:39,42992,403,11.69999981,0.090000004,107395,129.9900055,0.49000001,1,129.9900055,118.2900009,57.95999908,East Africa,Gobolka Woqooyi Galbeed,ON_HOLD,,403,18,,http://images.acmesports.sports/Nike+Men%27s+CJ+Elite+2+TD+Football+Cleat,Nike Men's CJ Elite 2 TD Football Cleat,129.9900055,0,9/22/2016 13:39,Second Class,
XXXXXXXXX,Consumer,PR,7489 Green End,725,4,Apparel,18.21944618,-66.37057495,Africa,Kenitra,Marruecos,9316,8/25/2016 22:16,41304,403,13,0.100000001,103114,129.9900055,0.25999999,1,129.9900055,116.9899979,30.42000008,North Africa,Garb-Chrarda-Beni Hsen,ON_HOLD,,403,18,,http://images.acmesports.sports/Nike+Men%27s+CJ+Elite+2+TD+Football+Cleat,Nike Men's CJ Elite 2 TD Football Cleat,129.9900055,0,8/30/2016 22:16,Second Class,
XXXXXXXXX,Consumer,PR,2035 Lazy Diversion,725,4,Apparel,18.29659462,-66.37059021,Africa,Jartum,Sudán,6757,10/28/2016 19:23,45680,365,10.80000019,0.180000007,114173,59.99000168,0.5,1,59.99000168,49.18999863,24.60000038,North Africa,Jartum,ON_HOLD,,365,17,,http://images.acmesports.sports/Perfect+Fitness+Perfect+Rip+Deck,Perfect Fitness Perfect Rip Deck,59.99000168,0,11/3/2016 19:23,Second Class,
XXXXXXXXX,Consumer,PR,620 Thunder Creek Towers,725,4,Apparel,18.23975563,-66.37059021,Africa,Abidjan,Costa de Marfil,11213,10/7/2016 23:26,44253,403,26,0.200000003,110494,129.9900055,0.469999999,1,129.9900055,103.9899979,48.88000107,West Africa,Lagunes,ON_HOLD,,403,18,,http://images.acmesports.sports/Nike+Men%27s+CJ+Elite+2+TD+Football+Cleat,Nike Men's CJ Elite 2 TD Football Cleat,129.9900055,0,10/11/2016 23:26,Second Class,
XXXXXXXXX,Consumer,PR,555 Lazy Robin Freeway,725,7,Fan Shop,18.2643261,-66.37060547,Africa,Abu Kabir,Egipto,3474,11/3/2016 21:49,46098,957,3,0.01,115235,299.980011,0,1,299.980011,296.980011,0,North Africa,Ash Sharqiyah,ON_HOLD,,957,43,,http://images.acmesports.sports/Diamondback+Women%27s+Serene+Classic+Comfort+Bike+2014,Diamondback Women's Serene Classic Comfort Bi,299.980011,0,11/7/2016 21:49,Second Class,
XXXXXXXXX,Consumer,PR,7489 Green End,725,7,Fan Shop,18.21944618,-66.37057495,Africa,Kenitra,Marruecos,9316,8/25/2016 22:16,41304,957,6,0.02,103115,299.980011,0.330000013,1,299.980011,293.980011,95.54000092,North Africa,Garb-Chrarda-Beni Hsen,ON_HOLD,,957,43,,http://images.acmesports.sports/Diamondback+Women%27s+Serene+Classic+Comfort+Bike+2014,Diamondback Women's Serene Classic Comfort Bi,299.980011,0,8/30/2016 22:16,Second Class,
XXXXXXXXX,Consumer,PR,4722 Round Embers Falls,725,10,Technology,18.27085495,-66.03705597,Europe,Perugia,Italia,14630,11/3/2017 13:05,71077,1352,0,0,174392,252.8800049,-0.200000003,1,252.8800049,252.8800049,-50.58000183,Southern Europe,Umbría,COMPLETE,,1352,65,,http://images.acmesports.sports/Industrial+consumer+electronics,Industrial consumer electronics,252.8800049,0,11/6/2017 13:05,Second Class,
XXXXXXXXX,Consumer,PR,1836 Cozy View Orchard,725,10,Technology,18.23665237,-66.0370636,Europe,Nuremberg,Alemania,13256,10/14/2017 11:42,69703,1349,4.519999981,0.01,173018,452.0400085,0.270000011,1,452.0400085,447.519989,120.8300018,Western Europe,Bavaria,COMPLETE,,1349,62,,http://images.acmesports.sports/Web+Camera,Web Camera,452.0400085,0,10/18/2017 11:42,Second Class,
XXXXXXXXX,Consumer,PR,5257 Umber Field,725,10,Technology,18.28206062,-66.03705597,Europe,Reims,Francia,14665,11/4/2017 1:21,71112,1352,2.529999971,0.01,174427,252.8800049,0.100000001,1,252.8800049,250.3500061,25.04000092,Western Europe,Alsacia-Champańa-Ardenas-Lorena,COMPLETE,,1352,65,,http://images.acmesports.sports/Industrial+consumer+electronics,Industrial consumer electronics,252.8800049,0,11/7/2017 1:21,Second Class,
XXXXXXXXX,Consumer,PR,9079 Dewy Deer Harbour,725,10,Technology,18.21524239,-66.03705597,Europe,Halle,Alemania,13363,10/16/2017 1:12,69810,1349,9.039999962,0.02,173125,452.0400085,0.479999989,1,452.0400085,443,212.6399994,Western Europe,Sajonia-Anhalt,COMPLETE,,1349,62,,http://images.acmesports.sports/Web+Camera,Web Camera,452.0400085,0,10/22/2017 1:12,Second Class,
XXXXXXXXX,Consumer,PR,1284 High Apple Highlands,725,10,Technology,18.25598526,-66.03705597,Europe,Bremerhaven,Alemania,14645,11/3/2017 18:20,71092,1352,7.590000153,0.029999999,174407,252.8800049,0.280000001,1,252.8800049,245.2899933,68.68000031,Western Europe,Bremen,COMPLETE,,1352,65,,http://images.acmesports.sports/Industrial+consumer+electronics,Industrial consumer electronics,252.8800049,0,11/6/2017 18:20,Second Class,
XXXXXXXXX,Consumer,PR,9816 Grand Hills Knoll,725,10,Technology,18.28172112,-66.03705597,Europe,Portici,Italia,13163,10/13/2017 3:08,69610,1349,18.07999992,0.039999999,172925,452.0400085,0.310000002,1,452.0400085,433.9599915,135.8300018,Southern Europe,Campania,COMPLETE,,1349,62,,http://images.acmesports.sports/Web+Camera,Web Camera,452.0400085,0,10/19/2017 3:08,Second Class,
XXXXXXXXX,Consumer,PR,5301 Blue Street,725,10,Technology,18.23458481,-66.03705597,Europe,Bielefeld,Alemania,14553,11/2/2017 10:06,71000,1352,12.64000034,0.050000001,174315,252.8800049,0.330000013,1,252.8800049,240.2400055,78.08000183,Western Europe,Renania del Norte-Westfalia,COMPLETE,,1352,65,,http://images.acmesports.sports/Industrial+consumer+electronics,Industrial consumer electronics,252.8800049,0,11/8/2017 10:06,Second Class,
XXXXXXXXX,Consumer,PR,7274 Middle Wynd,725,10,Technology,18.25249672,-66.03704834,Europe,London,Reino Unido,14287,10/29/2017 12:55,70734,1351,82.5,0.059999999,174049,1500,0.419999987,1,1500,1417.5,595.3499756,Northern Europe,Inglaterra,COMPLETE,,1351,64,,http://images.acmesports.sports/Dell+Laptop,Dell Laptop,1500,0,11/3/2017 12:55,Second Class,
XXXXXXXXX,Consumer,PR,2668 Velvet Row ,725,10,Technology,18.25508499,-66.03705597,Europe,Drancy,Francia,13179,10/13/2017 8:44,69626,1349,24.86000061,0.059999999,172941,452.0400085,0.050000001,1,452.0400085,427.1799927,21.36000061,Western Europe,Isla de Francia,COMPLETE,,1349,62,,http://images.acmesports.sports/Web+Camera,Web Camera,452.0400085,0,10/15/2017 8:44,Second Class,
XXXXXXXXX,Consumer,PR,567 Fallen Pines ,725,10,Technology,18.28042221,-66.0370636,Europe,Duisburg,Alemania,13035,10/11/2017 6:17,69482,1349,24.86000061,0.059999999,172797,452.0400085,0.5,1,452.0400085,427.1799927,213.5899963,Western Europe,Renania del Norte-Westfalia,COMPLETE,,1349,62,,http://images.acmesports.sports/Web+Camera,Web Camera,452.0400085,0,10/14/2017 6:17,Second Class,
XXXXXXXXX,Consumer,PR,9870 Little Hickory Loop,725,10,Technology,18.23288918,-66.0370636,Europe,Bradford,Reino Unido,14322,10/30/2017 1:10,70769,1351,105,0.07,174084,1500,0.039999999,1,1500,1395,55.79999924,Northern Europe,Inglaterra,COMPLETE,,1351,64,,http://images.acmesports.sports/Dell+Laptop,Dell Laptop,1500,0,11/4/2017 1:10,Second Class,
XXXXXXXXX,Consumer,PR,5763 Green Crossing ,725,10,Technology,18.22864342,-66.0370636,Europe,Agrigento,Italia,13196,10/13/2017 14:41,69643,1349,31.63999939,0.07,172958,452.0400085,0.300000012,1,452.0400085,420.3999939,126.1200027,Southern Europe,Sicilia,COMPLETE,,1349,62,,http://images.acmesports.sports/Web+Camera,Web Camera,452.0400085,0,10/17/2017 14:41,Second Class,
XXXXXXXXX,Consumer,PR,4854 Tawny Cove,725,10,Technology,18.29532433,-66.03705597,Europe,Oldham,Reino Unido,14604,11/3/2017 3:58,71051,1352,22.76000023,0.090000004,174366,252.8800049,0.029999999,1,252.8800049,230.1199951,6.900000095,Northern Europe,Inglaterra,COMPLETE,,1352,65,,http://images.acmesports.sports/Industrial+consumer+electronics,Industrial consumer electronics,252.8800049,0,11/5/2017 3:58,Second Class,
XXXXXXXXX,Consumer,PR,8297 Golden Green ,725,10,Technology,18.24217796,-66.0370636,Europe,Palermo,Italia,12961,10/10/2017 4:21,69408,1349,40.68000031,0.090000004,172723,452.0400085,-0.680000007,1,452.0400085,411.3599854,-277.6700134,Southern Europe,Sicilia,COMPLETE,,1349,62,,http://images.acmesports.sports/Web+Camera,Web Camera,452.0400085,0,10/14/2017 4:21,Second Class,
XXXXXXXXX,Consumer,PR,7293 Lazy Hill,725,10,Technology,18.25569725,-66.0370636,Europe,Madrid,Espańa,14676,11/4/2017 5:12,71123,1352,22.76000023,0.090000004,174438,252.8800049,0.460000008,1,252.8800049,230.1199951,105.8600006,Southern Europe,Madrid,COMPLETE,,1352,65,,http://images.acmesports.sports/Industrial+consumer+electronics,Industrial consumer electronics,252.8800049,0,11/8/2017 5:12,Second Class,
XXXXXXXXX,Consumer,PR,8967 Sleepy Lane,725,10,Technology,18.26639938,-66.0370636,Europe,Nancy,Francia,14087,10/26/2017 14:51,70534,1351,135,0.090000004,173849,1500,0.059999999,1,1500,1365,86,Western Europe,Alsacia-Champańa-Ardenas-Lorena,COMPLETE,,1351,64,,http://images.acmesports.sports/Dell+Laptop,Dell Laptop,1500,0,10/31/2017 14:51,Second Class,
XXXXXXXXX,Consumer,PR,6370 Emerald Row ,725,10,Technology,18.23524284,-66.03705597,Europe,Girona,Espańa,13194,10/13/2017 13:59,69641,1349,45.20000076,0.100000001,172956,452.0400085,0.479999989,1,452.0400085,406.8399963,195.2799988,Southern Europe,Cataluńa,COMPLETE,,1349,62,,http://images.acmesports.sports/Web+Camera,Web Camera,452.0400085,0,10/15/2017 13:59,Second Class,
XXXXXXXXX,Consumer,PR,3065 Foggy Horse Port,725,10,Technology,18.25786781,-66.03705597,Europe,Laon,Francia,14513,11/1/2017 20:05,70960,1352,25.29000092,0.100000001,174275,252.8800049,0.100000001,1,252.8800049,227.5899963,22.76000023,Western Europe,Norte-Paso de Calais-Picardía,COMPLETE,,1352,65,,http://images.acmesports.sports/Industrial+consumer+electronics,Industrial consumer electronics,252.8800049,0,11/7/2017 20:05,Second Class,
XXXXXXXXX,Consumer,PR,1393 Umber Sky Estates,725,10,Technology,18.22337914,-66.03705597,Europe,Hartlepool,Reino Unido,13461,10/17/2017 11:32,69908,1349,67.80999756,0.150000006,173223,452.0400085,0.469999999,1,452.0400085,384.230011,180.5899963,Northern Europe,Inglaterra,COMPLETE,,1349,62,,http://images.acmesports.sports/Web+Camera,Web Camera,452.0400085,0,10/21/2017 11:32,Second Class,
XXXXXXXXX,Consumer,PR,5493 Burning Horse Heath,725,10,Technology,18.23107529,-66.03705597,Europe,Pontault-Combault,Francia,14510,11/1/2017 19:02,70957,1352,37.93000031,0.150000006,174272,252.8800049,0.469999999,1,252.8800049,214.9499969,101.0299988,Western Europe,Isla de Francia,COMPLETE,,1352,65,,http://images.acmesports.sports/Industrial+consumer+electronics,Industrial consumer electronics,252.8800049,0,11/4/2017 19:02,Second Class,
XXXXXXXXX,Consumer,PR,529 Blue Grove Rise,725,10,Technology,18.26862907,-66.03705597,Europe,La Rochelle,Francia,13190,10/13/2017 12:35,69637,1349,72.33000183,0.159999996,172952,452.0400085,0.310000002,1,452.0400085,379.7099915,118.8499985,Western Europe,Aquitania-Lemosín-Poitou-Charentes,COMPLETE,,1349,62,,http://images.acmesports.sports/Web+Camera,Web Camera,452.0400085,0,10/16/2017 12:35,Second Class,
XXXXXXXXX,Consumer,PR,4462 Little Lagoon Route,725,10,Technology,18.22708893,-66.0370636,Europe,Edinburgh,Reino Unido,14508,11/1/2017 18:20,70955,1352,42.99000168,0.170000002,174270,252.8800049,0.289999992,1,252.8800049,209.8899994,60.86999893,Northern Europe,Escocia,COMPLETE,,1352,65,,http://images.acmesports.sports/Industrial+consumer+electronics,Industrial consumer electronics,252.8800049,0,11/7/2017 18:20,Second Class,
XXXXXXXXX,Consumer,PR,9854 Jagged Impasse,725,10,Technology,18.23437882,-66.03705597,Europe,Acerra,Italia,14472,11/1/2017 5:44,70919,1352,42.99000168,0.170000002,174234,252.8800049,0.349999994,1,252.8800049,209.8899994,73.45999908,Southern Europe,Campania,COMPLETE,,1352,65,,http://images.acmesports.sports/Industrial+consumer+electronics,Industrial consumer electronics,252.8800049,0,11/6/2017 5:44,Second Class,
XXXXXXXXX,Consumer,PR,5336 Sleepy Sky Common,725,10,Technology,18.29236603,-66.0370636,Europe,Hanover,Alemania,14562,11/2/2017 13:15,71009,1352,42.99000168,0.170000002,174324,252.8800049,0.189999998,1,252.8800049,209.8899994,39.88000107,Western Europe,Baja Sajonia,COMPLETE,,1352,65,,http://images.acmesports.sports/Industrial+consumer+electronics,Industrial consumer electronics,252.8800049,0,11/7/2017 13:15,Second Class,
XXXXXXXXX,Consumer,PR,3836 Blue Brook Stead,725,10,Technology,18.21356773,-66.0370636,Europe,Manchester,Reino Unido,13206,10/13/2017 18:11,69653,1349,81.37000275,0.180000007,172968,452.0400085,0.479999989,1,452.0400085,370.6700134,177.9199982,Northern Europe,Inglaterra,COMPLETE,,1349,62,,http://images.acmesports.sports/Web+Camera,Web Camera,452.0400085,0,10/17/2017 18:11,Second Class,
XXXXXXXXX,Consumer,PR,4896 Honey Wood ,725,10,Technology,18.2920475,-66.0370636,Europe,Messina,Italia,13080,10/11/2017 22:03,69527,1349,81.37000275,0.180000007,172842,452.0400085,0.349999994,1,452.0400085,370.6700134,129.7400055,Southern Europe,Sicilia,COMPLETE,,1349,62,,http://images.acmesports.sports/Web+Camera,Web Camera,452.0400085,0,10/14/2017 22:03,Second Class,
XXXXXXXXX,Consumer,PR,4592 Grand Timber Ramp,725,10,Technology,18.24609184,-66.0370636,Europe,Wilhelmshaven,Alemania,14633,11/3/2017 14:08,71080,1352,45.52000046,0.180000007,174395,252.8800049,0.300000012,1,252.8800049,207.3600006,62.20999908,Western Europe,Baja Sajonia,COMPLETE,,1352,65,,http://images.acmesports.sports/Industrial+consumer+electronics,Industrial consumer electronics,252.8800049,0,11/9/2017 14:08,Second Class,
XXXXXXXXX,Consumer,PR,146 Middle Terrace,725,10,Technology,18.20939446,-66.03705597,Europe,Letchworth,Reino Unido,14097,10/26/2017 18:21,70544,1351,300,0.200000003,173859,1500,0.079999998,1,1500,1200,90,Northern Europe,Inglaterra,COMPLETE,,1351,64,,http://images.acmesports.sports/Dell+Laptop,Dell Laptop,1500,0,10/31/2017 18:21,Second Class,
XXXXXXXXX,Consumer,PR,3710 Little Nook ,725,10,Technology,18.29184341,-66.03704834,Europe,Kilwinning,Reino Unido,13024,10/11/2017 2:26,69471,1349,113.0100021,0.25,172786,452.0400085,0.349999994,1,452.0400085,339.0299988,118.6600037,Northern Europe,Escocia,COMPLETE,,1349,62,,http://images.acmesports.sports/Web+Camera,Web Camera,452.0400085,0,10/13/2017 2:26,Second Class,
XXXXXXXXX,Consumer,PR,9598 Cinder Close,725,2,Fitness,18.2275734,-66.0437088,Europe,Villeneuve-le-Roi,Francia,778,10/2/2017 11:01,68879,60,10,0.01,172188,999.9899902,0.419999987,1,999.9899902,989.9899902,415.7999878,Western Europe,Isla de Francia,COMPLETE,,60,4,,http://images.acmesports.sports/SOLE+E25+Elliptical,SOLE E25 Elliptical,999.9899902,0,10/7/2017 11:01,Second Class,
XXXXXXXXX,Consumer,PR,6998 Old Treasure Crossing,725,2,Fitness,18.28542137,-66.37056732,Europe,Barakaldo,Espańa,7146,9/8/2017 3:42,67214,24,1.600000024,0.02,167987,79.98999786,0.109999999,1,79.98999786,78.38999939,8.619999886,Southern Europe,País Vasco,COMPLETE,,24,2,,http://images.acmesports.sports/Elevation+Training+Mask+2.0,Elevation Training Mask 2.0,79.98999786,0,9/13/2017 3:42,Second Class,
XXXXXXXXX,Consumer,PR,100 Jagged Cloud Pathway,725,2,Fitness,18.24692345,-66.37057495,Europe,Estocolmo,Suecia,6365,9/17/2015 23:17,17810,44,7.800000191,0.129999995,44493,59.99000168,0.310000002,1,59.99000168,52.18999863,16.34000015,Northern Europe,Estocolmo,COMPLETE,,44,3,,http://images.acmesports.sports/adidas+Men%27s+F10+Messi+TRX+FG+Soccer+Cleat,adidas Men's F10 Messi TRX FG Soccer Cleat,59.99000168,0,9/23/2015 23:17,Second Class,
XXXXXXXXX,Consumer,PR,8110 Old Place,725,3,Footwear,18.23379898,-66.37056732,Europe,Aylesbury,Reino Unido,8422,10/2/2015 7:40,18793,278,1.799999952,0.039999999,46997,44.99000168,0.289999992,1,44.99000168,43.18999863,12.52999973,Northern Europe,Inglaterra,COMPLETE,,278,13,,http://images.acmesports.sports/Under+Armour+Men%27s+Compression+EV+SL+Slide,Under Armour Men's Compression EV SL Slide,44.99000168,0,10/6/2015 7:40,Second Class,
XXXXXXXXX,Consumer,PR,1453 Lazy Cider Hill,725,3,Footwear,18.24496079,-66.3705368,Europe,Langenhagen,Alemania,8524,8/8/2017 10:13,65109,191,4,0.039999999,162715,99.98999786,0.270000011,1,99.98999786,95.98999786,25.92000008,Western Europe,Baja Sajonia,COMPLETE,,191,9,,http://images.acmesports.sports/Nike+Men%27s+Free+5.0%2B+Running+Shoe,Nike Men's Free 5.0+ Running Shoe,99.98999786,0,8/13/2017 10:13,Second Class,
XXXXXXXXX,Consumer,PR,9221 Cotton Butterfly Terrace,725,3,Footwear,18.23220825,-66.37062836,Europe,Birmingham,Reino Unido,3784,8/17/2015 18:35,15673,191,5,0.050000001,39186,99.98999786,-0.140000001,1,99.98999786,94.98999786,-13.57999992,Northern Europe,Inglaterra,COMPLETE,,191,9,,http://images.acmesports.sports/Nike+Men%27s+Free+5.0%2B+Running+Shoe,Nike Men's Free 5.0+ Running Shoe,99.98999786,0,8/21/2015 18:35,Second Class,
XXXXXXXXX,Consumer,PR,4110 Quaking Abbey,725,3,Footwear,18.26521111,-66.37055206,Europe,Amsterdam,Países Bajos,10519,9/23/2015 9:57,18183,278,3.150000095,0.07,45455,44.99000168,0.239999995,1,44.99000168,41.84000015,10.03999996,Western Europe,Holanda Septentrional,COMPLETE,,278,13,,http://images.acmesports.sports/Under+Armour+Men%27s+Compression+EV+SL+Slide,Under Armour Men's Compression EV SL Slide,44.99000168,0,9/27/2015 9:57,Second Class,
XXXXXXXXX,Consumer,PR,6574 Shady Horse Wood,725,3,Footwear,18.28570366,-66.37050629,Europe,Viena,Austria,7132,10/23/2015 8:31,20234,191,10,0.100000001,50536,99.98999786,0.119999997,1,99.98999786,89.98999786,10.80000019,Western Europe,Viena,COMPLETE,,191,9,,http://images.acmesports.sports/Nike+Men%27s+Free+5.0%2B+Running+Shoe,Nike Men's Free 5.0+ Running Shoe,99.98999786,0,10/28/2015 8:31,Second Class,
XXXXXXXXX,Consumer,PR,4555 Amber Apple Cape,725,3,Footwear,18.2968502,-66.37062836,Europe,Viena,Austria,3709,7/11/2015 18:49,13139,191,12,0.119999997,32867,99.98999786,0.189999998,1,99.98999786,87.98999786,16.71999931,Western Europe,Viena,COMPLETE,,191,9,,http://images.acmesports.sports/Nike+Men%27s+Free+5.0%2B+Running+Shoe,Nike Men's Free 5.0+ Running Shoe,99.98999786,0,7/16/2015 18:49,Second Class,
XXXXXXXXX,Consumer,NY,3675 Emerald Goose Bank,11520,3,Footwear,40.65486527,-73.58707428,USCA,Houston,Estados Unidos,1509,5/8/2016 17:42,33824,278,6.75,0.050000001,84424,44.99000168,0.230000004,3,134.9700012,128.2200012,28.85000038,US Center ,Texas,SUSPECTED_FRAUD,77041,278,13,,http://images.acmesports.sports/Under+Armour+Men%27s+Compression+EV+SL+Slide,Under Armour Men's Compression EV SL Slide,44.99000168,0,5/13/2016 17:42,Standard Class,
XXXXXXXXX,Consumer,MD,9375 Harvest Circuit,20744,3,Footwear,38.74266434,-76.9917984,USCA,Gilbert,Estados Unidos,1636,4/2/2016 19:51,31364,191,21,0.07,78398,99.98999786,0.479999989,3,299.9700012,278.9700012,133.9100037,West of USA ,Arizona,SUSPECTED_FRAUD,85234,191,9,,http://images.acmesports.sports/Nike+Men%27s+Free+5.0%2B+Running+Shoe,Nike Men's Free 5.0+ Running Shoe,99.98999786,0,4/7/2016 19:51,Standard Class,
XXXXXXXXX,Consumer,CA,3993 Thunder Hills Port,93304,3,Footwear,35.36254501,-119.0186996,USCA,San Jose,Estados Unidos,2784,8/14/2016 2:51,40495,191,27,0.090000004,101052,99.98999786,0.289999992,3,299.9700012,272.9700012,79.16000366,West of USA ,California,SUSPECTED_FRAUD,95123,191,9,,http://images.acmesports.sports/Nike+Men%27s+Free+5.0%2B+Running+Shoe,Nike Men's Free 5.0+ Running Shoe,99.98999786,0,8/20/2016 2:51,Standard Class,
XXXXXXXXX,Consumer,MD,9375 Harvest Circuit,20744,3,Footwear,38.74266434,-76.9917984,USCA,Gilbert,Estados Unidos,1636,4/2/2016 19:51,31364,191,27,0.090000004,78396,99.98999786,0.07,3,299.9700012,272.9700012,19.11000061,West of USA ,Arizona,SUSPECTED_FRAUD,85234,191,9,,http://images.acmesports.sports/Nike+Men%27s+Free+5.0%2B+Running+Shoe,Nike Men's Free 5.0+ Running Shoe,99.98999786,0,4/7/2016 19:51,Standard Class,
XXXXXXXXX,Consumer,NY,9414 Thunder Island Court,11368,4,Apparel,40.74210739,-73.86962128,USCA,Fresno,Estados Unidos,9174,5/18/2016 16:38,34506,365,9,0.050000001,86191,59.99000168,0.059999999,3,179.9700012,170.9700012,10.77000046,West of USA ,California,SUSPECTED_FRAUD,93727,365,17,,http://images.acmesports.sports/Perfect+Fitness+Perfect+Rip+Deck,Perfect Fitness Perfect Rip Deck,59.99000168,0,5/20/2016 16:38,Standard Class,
XXXXXXXXX,Consumer,OH,7573 Cozy Goose Road,45238,4,Apparel,39.28849411,-84.3551178,USCA,Peoria,Estados Unidos,122,5/5/2016 13:40,33607,365,12.60000038,0.07,83892,59.99000168,-1.700000048,3,179.9700012,167.3699951,-284.5299988,West of USA ,Arizona,SUSPECTED_FRAUD,85345,365,17,,http://images.acmesports.sports/Perfect+Fitness+Perfect+Rip+Deck,Perfect Fitness Perfect Rip Deck,59.99000168,0,5/8/2016 13:40,Standard Class,
XXXXXXXXX,Consumer,MD,5985 Silent Leaf Vale,20874,4,Apparel,39.1836586,-77.26545715,USCA,Cincinnati,Estados Unidos,3800,4/21/2016 2:50,32617,365,21.60000038,0.119999997,81596,59.99000168,0.439999998,3,179.9700012,158.3699951,69.68000031,East of USA,Ohio,SUSPECTED_FRAUD,45231,365,17,,http://images.acmesports.sports/Perfect+Fitness+Perfect+Rip+Deck,Perfect Fitness Perfect Rip Deck,59.99000168,0,4/24/2016 2:50,Standard Class,
XXXXXXXXX,Consumer,TX,1230 Crystal Lookout,75006,5,Golf,32.96593094,-96.84902191,USCA,Columbus,Estados Unidos,10029,7/1/2016 8:10,37496,627,1.200000048,0.01,93579,39.99000168,0.059999999,3,119.9700012,118.7699966,7.480000019,US Center ,Indiana,SUSPECTED_FRAUD,47201,627,29,,http://images.acmesports.sports/Under+Armour+Girls%27+Toddler+Spine+Surge+Running+Shoe,Under Armour Girls' Toddler Spine Surge Runni,39.99000168,0,7/3/2016 8:10,Standard Class,
XXXXXXXXX,Consumer,MD,5985 Silent Leaf Vale,20874,5,Golf,39.1836586,-77.26545715,USCA,Cincinnati,Estados Unidos,3800,4/21/2016 2:50,32617,567,1.5,0.02,81595,25,0.150000006,3,75,73.5,11.02999973,East of USA,Ohio,SUSPECTED_FRAUD,45231,567,26,,http://images.acmesports.sports/adidas+Men%27s+Germany+Black+Crest+Away+Tee,adidas Men's Germany Black Crest Away Tee,25,0,4/24/2016 2:50,Standard Class,
XXXXXXXXX,Consumer,TX,6350 Lost Hollow,77093,5,Golf,29.83435631,-95.33792877,USCA,Ottawa,Canada,2805,12/17/2016 8:48,49075,502,18,0.119999997,122703,50,-0.189999998,3,150,132,-24.8199997,Canada,Ontario,SUSPECTED_FRAUD,,502,24,,http://images.acmesports.sports/Nike+Men%27s+Dri-FIT+Victory+Golf+Polo,Nike Men's Dri-FIT Victory Golf Polo,50,0,12/23/2016 8:48,Standard Class,
XXXXXXXXX,Consumer,NY,3675 Emerald Goose Bank,11520,5,Golf,40.65486527,-73.58707428,USCA,Houston,Estados Unidos,1509,5/8/2016 17:42,33824,502,18,0.119999997,84425,50,0.25,3,150,132,33,US Center ,Texas,SUSPECTED_FRAUD,77041,502,24,,http://images.acmesports.sports/Nike+Men%27s+Dri-FIT+Victory+Golf+Polo,Nike Men's Dri-FIT Victory Golf Polo,50,0,5/13/2016 17:42,Standard Class,
XXXXXXXXX,Consumer,TX,6350 Lost Hollow,77093,5,Golf,29.83435631,-95.33792877,USCA,Ottawa,Canada,2805,12/17/2016 8:48,49075,502,19.5,0.129999995,122700,50,0.280000001,3,150,130.5,36.54000092,Canada,Ontario,SUSPECTED_FRAUD,,502,24,,http://images.acmesports.sports/Nike+Men%27s+Dri-FIT+Victory+Golf+Polo,Nike Men's Dri-FIT Victory Golf Polo,50,0,12/23/2016 8:48,Standard Class,
XXXXXXXXX,Consumer,PA,4898 Red Butterfly Autoroute,17013,5,Golf,40.2372818,-76.96795654,USCA,Kitchener,Canada,12253,8/30/2016 14:02,41623,627,20.38999939,0.170000002,103905,39.99000168,-0.769999981,3,119.9700012,99.58000183,-76.37000275,Canada,Ontario,SUSPECTED_FRAUD,,627,29,,http://images.acmesports.sports/Under+Armour+Girls%27+Toddler+Spine+Surge+Running+Shoe,Under Armour Girls' Toddler Spine Surge Runni,39.99000168,0,9/3/2016 14:02,Standard Class,
XXXXXXXXX,Consumer,CA,7312 Crystal Willow Villas,90023,5,Golf,34.20339966,-118.6059036,USCA,Philadelphia,Estados Unidos,3528,7/27/2016 6:01,39271,627,20.38999939,0.170000002,98043,39.99000168,0.090000004,3,119.9700012,99.58000183,8.760000229,East of USA,Pensilvania,SUSPECTED_FRAUD,19134,627,29,,http://images.acmesports.sports/Under+Armour+Girls%27+Toddler+Spine+Surge+Running+Shoe,Under Armour Girls' Toddler Spine Surge Runni,39.99000168,0,7/29/2016 6:01,Standard Class,
XXXXXXXXX,Consumer,HI,9595 Blue Promenade,96706,6,Outdoors,21.31185532,-158.0046844,USCA,Des Plaines,Estados Unidos,11018,7/17/2016 10:14,38598,893,0.75,0.01,96337,24.98999977,0.49000001,3,74.97000122,74.22000122,36.36999893,US Center ,Illinois,SUSPECTED_FRAUD,60016,893,40,,http://images.acmesports.sports/Team+Golf+Pittsburgh+Steelers+Putter+Grip,Team Golf Pittsburgh Steelers Putter Grip,24.98999977,0,7/21/2016 10:14,Standard Class,
XXXXXXXXX,Consumer,NJ,1790 Noble Brook Run,8701,6,Outdoors,40.09635925,-74.21524048,USCA,Elmhurst,Estados Unidos,3222,7/6/2016 10:26,37845,924,7.679999828,0.159999996,94445,15.98999977,0.449999988,3,47.97000122,40.29000092,18.12999916,US Center ,Illinois,SUSPECTED_FRAUD,60126,924,41,,http://images.acmesports.sports/Glove+It+Urban+Brick+Golf+Towel,Glove It Urban Brick Golf Towel,15.98999977,0,7/12/2016 10:26,Standard Class,
XXXXXXXXX,Consumer,NY,2459 Round Spring Towers,13440,4,Apparel,43.21662521,-75.45603943,Africa,Antananarivo,Madagascar,6246,9/9/2016 22:05,42331,365,12,0.050000001,105703,59.99000168,-0.059999999,4,239.9600067,227.9600067,-12.98999977,East Africa,Analamanga,CANCELED,,365,17,,http://images.acmesports.sports/Perfect+Fitness+Perfect+Rip+Deck,Perfect Fitness Perfect Rip Deck,59.99000168,0,9/11/2016 22:05,Standard Class,
XXXXXXXXX,Consumer,CA,690 Colonial Pine Passage,92083,4,Apparel,33.21121979,-117.2510605,Africa,Algiers,Argelia,8741,8/26/2016 12:38,41345,365,35.99000168,0.150000006,103211,59.99000168,0.360000014,4,239.9600067,203.9700012,74.04000092,North Africa,Alger,CANCELED,,365,17,,http://images.acmesports.sports/Perfect+Fitness+Perfect+Rip+Deck,Perfect Fitness Perfect Rip Deck,59.99000168,0,9/1/2016 12:38,Standard Class,
XXXXXXXXX,Consumer,TX,739 Jagged Goose Street,76106,5,Golf,32.8013916,-97.3302536,Africa,Monrovia,Liberia,8050,1/16/2017 22:04,51168,502,0,0,127882,50,0.449999988,4,200,200,90,West Africa,Montserrado,CANCELED,,502,24,,http://images.acmesports.sports/Nike+Men%27s+Dri-FIT+Victory+Golf+Polo,Nike Men's Dri-FIT Victory Golf Polo,50,0,1/20/2017 22:04,Standard Class,
XXXXXXXXX,Consumer,TX,739 Jagged Goose Street,76106,5,Golf,32.8013916,-97.3302536,Africa,Monrovia,Liberia,8050,1/16/2017 22:04,51168,627,3.200000048,0.02,127881,39.99000168,-0.01,4,159.9600067,156.7599945,-2.190000057,West Africa,Montserrado,CANCELED,,627,29,,http://images.acmesports.sports/Under+Armour+Girls%27+Toddler+Spine+Surge+Running+Shoe,Under Armour Girls' Toddler Spine Surge Runni,39.99000168,0,1/20/2017 22:04,Standard Class,
XXXXXXXXX,Consumer,WI,29 Gentle Spring Mews,54935,5,Golf,43.78569031,-88.47438049,Africa,Jartum,Sudán,5474,9/28/2016 10:19,43599,502,11,0.059999999,108885,50,0.449999988,4,200,189,85.05000305,North Africa,Jartum,CANCELED,,502,24,,http://images.acmesports.sports/Nike+Men%27s+Dri-FIT+Victory+Golf+Polo,Nike Men's Dri-FIT Victory Golf Polo,50,0,10/3/2016 10:19,Standard Class,
